46:26.5,-0.048,-0.2,0.011,0.206,7,0x01,1
46:26.6,-0.052,-0.2,0.007,0.2068,7,0x01,1
46:26.7,-0.051,-0.199,0.017,0.2061,7,0x01,1
46:26.8,-0.051,-0.201,0.013,0.2078,7,0x01,1
46:26.9,-0.054,-0.197,0.005,0.2043,7,0x01,1
46:27.0,-0.056,-0.203,0,0.2106,7,0x01,1
46:27.1,-0.051,-0.201,0.001,0.2074,7,0x01,3
46:27.2,-0.06,-0.198,-0.001,0.2069,7,0x01,3
46:27.3,-0.046,-0.208,0.01,0.2133,7,0x01,3
46:27.4,-0.054,-0.209,-0.003,0.2159,7,0x01,3
46:27.5,-0.049,-0.207,0.003,0.2127,7,0x01,3
46:27.6,-0.051,-0.203,0.009,0.2095,7,0x01,3
46:27.7,-0.048,-0.207,0.008,0.2126,7,0x01,3
46:27.8,-0.052,-0.202,0.001,0.2086,7,0x01,3
46:27.9,-0.05,-0.202,0.016,0.2087,7,0x01,3
46:28.0,-0.054,-0.202,0.015,0.2096,7,0x01,3
46:28.1,-0.052,-0.205,0.016,0.2121,7,0x01,1
46:28.2,-0.051,-0.202,0.011,0.2086,7,0x01,1
46:28.3,-0.052,-0.197,0.018,0.2045,7,0x01,1
46:28.4,-0.059,-0.196,-0.001,0.2047,7,0x01,1
46:28.5,-0.055,-0.201,0.001,0.2084,7,0x01,1
46:28.6,-0.058,-0.203,0.001,0.2111,7,0x01,1
46:28.7,-0.06,-0.202,-0.001,0.2107,7,0x01,1
46:28.8,-0.054,-0.206,-0.002,0.213,7,0x01,1
46:28.9,-0.057,-0.206,-0.001,0.2137,7,0x01,1
46:29.0,-0.055,-0.205,0,0.2122,7,0x01,1
46:29.1,-0.062,-0.202,0.007,0.2114,7,0x01,1
46:29.2,-0.057,-0.2,0.006,0.2081,7,0x01,1
46:29.3,-0.062,-0.199,0.005,0.2085,7,0x01,1
46:29.4,-0.058,-0.203,-0.006,0.2112,7,0x01,1
46:29.5,-0.064,-0.204,-0.027,0.2155,7,0x01,1
46:29.6,-0.059,-0.202,-0.019,0.2113,7,0x01,1
46:29.7,-0.057,-0.196,0.007,0.2042,7,0x01,1
46:29.8,-0.058,-0.198,0.007,0.2064,7,0x01,1
46:29.9,-0.051,-0.206,0.012,0.2126,7,0x01,1
46:30.0,-0.053,-0.202,0.013,0.2092,7,0x01,1
46:30.1,-0.055,-0.199,0.021,0.2075,7,0x01,4
46:30.2,-0.053,-0.201,0.017,0.2086,7,0x01,4
46:30.3,-0.058,-0.197,-0.004,0.2054,7,0x01,4
46:30.4,-0.052,-0.202,0.011,0.2089,7,0x01,4
46:30.5,-0.049,-0.2,0.008,0.2061,7,0x01,4
46:30.6,-0.051,-0.199,0.022,0.2066,7,0x01,4
46:30.7,-0.058,-0.197,0.011,0.2057,7,0x01,4
46:30.8,-0.045,-0.201,0.02,0.2069,7,0x01,4
46:30.9,-0.054,-0.197,0.015,0.2048,7,0x01,4
46:31.0,-0.048,-0.196,0.016,0.2024,7,0x01,4
46:31.1,-0.049,-0.2,0.011,0.2062,7,0x01,4
46:31.2,-0.05,-0.203,0.009,0.2093,7,0x01,4
46:31.3,-0.059,-0.196,-0.008,0.2048,7,0x01,4
46:31.4,-0.054,-0.198,0,0.2052,7,0x01,4
46:31.5,-0.05,-0.204,0.012,0.2104,7,0x01,4
46:31.6,-0.053,-0.205,0.009,0.2119,7,0x01,4
46:31.7,-0.052,-0.206,0.009,0.2127,7,0x01,4
46:31.8,-0.056,-0.203,-0.013,0.211,7,0x01,4
46:31.9,-0.059,-0.207,-0.02,0.2162,7,0x01,4
46:32.0,-0.056,-0.203,0.005,0.2106,7,0x01,4
46:32.1,-0.062,-0.201,-0.012,0.2107,7,0x01,2
46:32.2,-0.062,-0.203,-0.009,0.2124,7,0x01,2
46:32.3,-0.063,-0.2,0.007,0.2098,7,0x01,2
46:32.4,-0.059,-0.198,0.005,0.2067,7,0x01,2
46:32.5,-0.06,-0.199,0.001,0.2079,7,0x01,2
46:32.6,-0.06,-0.197,-0.005,0.206,7,0x01,2
46:32.7,-0.058,-0.202,0.002,0.2102,7,0x01,2
46:32.8,-0.06,-0.198,0.003,0.2069,7,0x01,2
46:32.9,-0.057,-0.198,0.016,0.2067,7,0x01,2
46:33.0,-0.053,-0.196,0.024,0.2045,8,0x01,2
46:33.2,-0.064,-0.196,0.007,0.2063,7,0x01,1
46:33.3,-0.062,-0.196,0.01,0.2058,7,0x01,1
46:33.4,-0.057,-0.192,0.02,0.2013,7,0x01,1
46:33.5,-0.06,-0.196,0.007,0.2051,7,0x01,1
46:33.6,-0.054,-0.199,0.023,0.2075,7,0x01,1
46:33.7,-0.065,-0.196,0,0.2065,7,0x01,1
46:33.8,-0.055,-0.202,0.012,0.2097,7,0x01,1
46:33.9,-0.054,-0.199,0,0.2062,7,0x01,1
46:34.0,-0.053,-0.2,0.007,0.207,7,0x01,1
46:34.1,-0.062,-0.201,-0.008,0.2105,7,0x01,1
46:34.2,-0.063,-0.201,-0.012,0.211,7,0x01,1
46:34.3,-0.059,-0.198,-0.011,0.2069,7,0x01,1
46:34.4,-0.05,-0.204,-0.01,0.2103,7,0x01,1
46:34.5,-0.061,-0.2,0.011,0.2094,7,0x01,1
46:34.6,-0.064,-0.197,0.004,0.2072,7,0x01,1
46:34.7,-0.061,-0.198,0.006,0.2073,7,0x01,1
46:34.8,-0.065,-0.196,-0.004,0.2065,7,0x01,1
46:34.9,-0.064,-0.192,0.009,0.2026,7,0x01,1
46:35.0,-0.054,-0.2,0.003,0.2072,7,0x01,2
46:35.1,-0.053,-0.2,0.003,0.2069,7,0x01,2
46:35.2,-0.051,-0.199,0.023,0.2067,7,0x01,2
46:35.3,-0.056,-0.199,0.01,0.207,7,0x01,2
46:35.4,-0.058,-0.197,0.009,0.2056,7,0x01,2
46:35.5,-0.055,-0.2,0.017,0.2081,7,0x01,2
46:35.6,-0.061,-0.195,0.001,0.2043,7,0x01,2
46:35.7,-0.062,-0.197,0.002,0.2065,7,0x01,2
46:35.8,-0.059,-0.2,-0.01,0.2088,7,0x01,2
46:35.9,-0.058,-0.204,-0.013,0.2125,7,0x01,2
7/30/2015 17:46,-0.054,-0.203,0.001,0.2101,7,0x01,2
46:36.1,-0.052,-0.202,0.014,0.2091,7,0x01,1
46:36.2,-0.059,-0.199,0.006,0.2076,7,0x01,1
46:36.3,-0.056,-0.195,0.007,0.203,7,0x01,1
46:36.4,-0.064,-0.19,-0.01,0.2007,7,0x01,1
46:36.5,-0.056,-0.199,0.008,0.2069,7,0x01,1
46:36.6,-0.056,-0.192,0.018,0.2008,7,0x01,1
46:36.7,-0.059,-0.195,-0.001,0.2037,7,0x01,1
46:36.8,-0.062,-0.195,0.005,0.2047,7,0x01,1
46:36.9,-0.066,-0.194,0.001,0.2049,7,0x01,1
7/30/2015 17:46,-0.07,-0.196,-0.019,0.209,7,0x01,3
46:37.1,-0.067,-0.197,-0.008,0.2082,7,0x01,3
46:37.2,-0.057,-0.195,0.009,0.2034,7,0x01,3
46:37.3,-0.053,-0.199,0.005,0.206,7,0x01,3
46:37.4,-0.067,-0.192,0.001,0.2034,7,0x01,3
46:37.5,-0.059,-0.2,0.002,0.2085,7,0x01,3
46:37.6,-0.064,-0.198,0.007,0.2082,7,0x01,3
46:37.7,-0.059,-0.201,-0.002,0.2095,7,0x01,3
46:37.8,-0.056,-0.197,0.008,0.205,7,0x01,3
46:37.9,-0.056,-0.199,0.013,0.2071,7,0x01,3
46:38.0,-0.052,-0.197,0.019,0.2046,7,0x01,3
46:38.1,-0.052,-0.204,-0.005,0.2106,7,0x01,4
46:38.2,-0.055,-0.201,-0.008,0.2085,7,0x01,4
46:38.3,-0.056,-0.201,-0.008,0.2088,7,0x01,4
46:38.4,-0.051,-0.2,-0.003,0.2064,7,0x01,4
46:38.5,-0.058,-0.199,0.016,0.2079,7,0x01,4
46:38.6,-0.051,-0.204,0.009,0.2105,7,0x01,4
46:38.7,-0.049,-0.203,0.012,0.2092,7,0x01,4
46:38.8,-0.057,-0.195,0.009,0.2034,7,0x01,4
46:38.9,-0.055,-0.194,0.001,0.2016,7,0x01,4
46:39.0,-0.058,-0.195,-0.008,0.2036,7,0x01,4
46:39.1,-0.057,-0.196,0.003,0.2041,7,0x01,2
46:39.2,-0.053,-0.194,0.01,0.2014,7,0x01,2
46:39.3,-0.058,-0.197,-0.003,0.2054,7,0x01,2
46:39.4,-0.059,-0.196,0.001,0.2047,9,0x01,2
46:39.5,-0.056,-0.195,0.012,0.2032,9,0x01,2
46:39.6,-0.046,-0.197,0.022,0.2035,9,0x01,2
46:39.7,-0.047,-0.198,0.014,0.204,9,0x01,2
46:39.8,-0.055,-0.19,0.018,0.1986,9,0x01,2
46:39.9,-0.057,-0.193,0.02,0.2022,9,0x01,2
46:40.0,-0.054,-0.199,0,0.2062,7,0x01,2
46:40.1,-0.055,-0.203,-0.004,0.2104,7,0x01,1
46:40.2,-0.052,-0.203,0.003,0.2096,7,0x01,1
46:40.3,-0.056,-0.202,-0.001,0.2096,7,0x01,1
46:40.4,-0.055,-0.202,-0.003,0.2094,7,0x01,1
46:40.5,-0.057,-0.203,-0.003,0.2109,7,0x01,1
46:40.6,-0.059,-0.199,-0.001,0.2076,7,0x01,1
46:40.7,-0.054,-0.201,0.003,0.2081,7,0x01,1
46:40.8,-0.055,-0.196,0,0.2036,7,0x01,1
46:40.9,-0.058,-0.196,-0.012,0.2048,7,0x01,1
46:41.0,-0.057,-0.204,-0.013,0.2122,7,0x01,1
46:41.1,-0.057,-0.206,-0.008,0.2139,7,0x01,6
46:41.2,-0.053,-0.206,0.006,0.2128,7,0x01,6
46:41.3,-0.055,-0.201,0.004,0.2084,7,0x01,6
46:41.4,-0.056,-0.204,-0.01,0.2118,7,0x01,6
46:41.5,-0.055,-0.206,-0.003,0.2132,7,0x01,6
46:41.6,-0.06,-0.204,-0.004,0.2127,7,0x01,6
46:41.7,-0.056,-0.204,0.005,0.2116,7,0x01,6
46:41.8,-0.054,-0.203,0.017,0.2107,7,0x01,6
46:41.9,-0.054,-0.203,0.017,0.2107,7,0x01,6
46:42.0,-0.058,-0.204,-0.014,0.2125,7,0x01,6
46:42.1,-0.061,-0.199,0.003,0.2082,7,0x01,3
46:42.2,-0.064,-0.19,-0.002,0.2005,7,0x01,3
46:42.3,-0.062,-0.203,-0.012,0.2126,7,0x01,3
46:42.4,-0.062,-0.199,-0.006,0.2085,7,0x01,3
46:42.5,-0.055,-0.198,0.017,0.2062,7,0x01,3
46:42.6,-0.051,-0.195,0.033,0.2042,8,0x01,3
46:42.7,-0.052,-0.201,0.013,0.208,8,0x01,3
46:42.8,-0.056,-0.201,0.014,0.2091,8,0x01,3
46:42.9,-0.056,-0.202,0.011,0.2099,8,0x01,3
46:43.0,-0.049,-0.205,0.026,0.2124,8,0x01,3
46:43.1,-0.051,-0.2,0.023,0.2077,8,0x01,1
46:43.2,-0.051,-0.198,0.029,0.2065,8,0x01,1
46:43.3,-0.051,-0.195,0.035,0.2046,8,0x01,1
46:43.4,-0.048,-0.194,0.037,0.2032,8,0x01,1
46:43.5,-0.049,-0.195,0.04,0.205,8,0x01,1
46:43.6,-0.057,-0.2,0.016,0.2086,8,0x01,1
46:43.8,-0.059,-0.203,0.005,0.2115,7,0x01,1
46:43.9,-0.048,-0.206,0.01,0.2118,7,0x01,1
7/30/2015 17:46,-0.051,-0.206,-0.007,0.2123,7,0x01,1
46:44.1,-0.04,-0.205,0.033,0.2115,7,0x01,1
46:44.2,-0.04,-0.205,0.026,0.2105,7,0x01,1
46:44.3,-0.051,-0.206,0.008,0.2124,7,0x01,1
46:44.4,-0.049,-0.205,0.008,0.2109,7,0x01,1
46:44.5,-0.05,-0.202,0.008,0.2082,7,0x01,1
46:44.6,-0.047,-0.208,0.014,0.2137,7,0x01,1
46:44.7,-0.053,-0.212,-0.002,0.2185,7,0x01,1
46:44.8,-0.052,-0.213,-0.002,0.2193,7,0x01,1
46:44.9,-0.056,-0.211,-0.007,0.2184,7,0x01,1
46:45.0,-0.055,-0.203,0.009,0.2105,7,0x01,1
46:45.1,-0.049,-0.212,-0.001,0.2176,7,0x01,3
46:45.2,-0.048,-0.208,0.011,0.2137,7,0x01,3
46:45.3,-0.05,-0.208,-0.002,0.2139,7,0x01,3
46:45.4,-0.056,-0.206,-0.004,0.2135,7,0x01,3
46:45.5,-0.051,-0.207,0.007,0.2133,7,0x01,3
46:45.6,-0.051,-0.204,0.007,0.2104,7,0x01,3
46:45.7,-0.05,-0.197,0.014,0.2037,7,0x01,3
46:45.8,-0.048,-0.197,0.016,0.2034,7,0x01,3
46:45.9,-0.056,-0.2,0.011,0.208,7,0x01,3
7/30/2015 17:46,-0.051,-0.201,0.017,0.2081,7,0x01,3
46:46.1,-0.04,-0.205,0.024,0.2102,7,0x01,1
46:46.2,-0.047,-0.204,0.015,0.2099,7,0x01,1
46:46.3,-0.042,-0.205,0.021,0.2103,7,0x01,1
46:46.4,-0.041,-0.202,0.029,0.2081,7,0x01,1
46:46.5,-0.046,-0.202,0.025,0.2087,7,0x01,1
46:46.6,-0.053,-0.202,0.009,0.209,7,0x01,1
46:46.7,-0.051,-0.205,-0.012,0.2116,7,0x01,1
46:46.8,-0.051,-0.202,0.001,0.2083,7,0x01,1
46:46.9,-0.048,-0.202,0.009,0.2078,7,0x01,1
46:47.0,-0.055,-0.204,0.01,0.2115,7,0x01,1
46:47.1,-0.056,-0.197,0.007,0.2049,7,0x01,3
46:47.2,-0.045,-0.207,0.014,0.2123,7,0x01,3
46:47.3,-0.053,-0.206,0.008,0.2129,7,0x01,3
46:47.4,-0.053,-0.207,-0.003,0.2137,7,0x01,3
46:47.5,-0.051,-0.208,0.001,0.2142,7,0x01,3
46:47.6,-0.055,-0.204,0.002,0.2113,7,0x01,3
46:47.7,-0.055,-0.208,-0.001,0.2152,7,0x01,3
46:47.8,-0.059,-0.209,-0.019,0.218,7,0x01,3
46:47.9,-0.05,-0.205,0.004,0.211,7,0x01,3
7/30/2015 17:46,-0.052,-0.203,0.008,0.2097,7,0x01,3
46:48.1,-0.055,-0.204,0.012,0.2116,7,0x01,3
46:48.2,-0.054,-0.206,0.002,0.213,7,0x01,3
46:48.3,-0.041,-0.205,0.018,0.2098,7,0x01,3
46:48.4,-0.049,-0.206,0.008,0.2119,7,0x01,3
46:48.5,-0.05,-0.207,0.019,0.2138,7,0x01,3
46:48.6,-0.051,-0.201,0.019,0.2082,7,0x01,3
46:48.7,-0.044,-0.207,0.019,0.2125,7,0x01,3
46:48.8,-0.043,-0.203,0.03,0.2097,7,0x01,3
46:48.9,-0.049,-0.204,0.015,0.2103,7,0x01,3
7/30/2015 17:46,-0.046,-0.204,0.018,0.2099,7,0x01,1
46:49.1,-0.043,-0.202,0.026,0.2082,7,0x01,1
46:49.2,-0.051,-0.202,0.016,0.209,7,0x01,1
46:49.3,-0.052,-0.202,0.022,0.2097,7,0x01,1
46:49.4,-0.046,-0.205,0.021,0.2111,7,0x01,1
46:49.5,-0.056,-0.203,-0.004,0.2106,7,0x01,1
46:49.6,-0.053,-0.207,0,0.2137,7,0x01,1
46:49.7,-0.048,-0.203,0.017,0.2093,7,0x01,1
46:49.8,-0.052,-0.206,-0.004,0.2125,7,0x01,1
46:49.9,-0.048,-0.203,0.015,0.2091,7,0x01,1
46:50.0,-0.053,-0.205,0.001,0.2117,7,0x01,1
46:50.1,-0.058,-0.203,-0.003,0.2111,7,0x01,1
46:50.2,-0.047,-0.204,0.024,0.2107,7,0x01,1
46:50.3,-0.041,-0.201,0.038,0.2086,7,0x01,1
46:50.4,-0.04,-0.201,0.043,0.2094,7,0x01,1
46:50.5,-0.048,-0.207,0.012,0.2128,7,0x01,1
46:50.6,-0.053,-0.204,0.003,0.2108,7,0x01,1
46:50.7,-0.055,-0.204,0.005,0.2113,7,0x01,1
46:50.8,-0.056,-0.202,-0.004,0.2097,7,0x01,1
46:50.9,-0.054,-0.207,-0.006,0.214,7,0x01,1
46:51.0,-0.049,-0.203,0.027,0.2106,7,0x01,1
46:51.1,-0.049,-0.202,0.03,0.21,7,0x01,1
46:51.2,-0.049,-0.202,0.024,0.2092,7,0x01,1
46:51.3,-0.047,-0.202,0.016,0.208,7,0x01,1
46:51.4,-0.05,-0.204,0.014,0.2105,7,0x01,1
46:51.5,-0.049,-0.204,0.016,0.2104,7,0x01,1
46:51.6,-0.046,-0.205,0.024,0.2115,7,0x01,1
46:51.7,-0.047,-0.203,0.022,0.2095,7,0x01,1
46:51.8,-0.05,-0.2,0.012,0.2065,7,0x01,1
46:51.9,-0.049,-0.198,0.032,0.2065,7,0x01,1
46:52.0,-0.048,-0.201,0.021,0.2077,7,0x01,1
46:52.1,-0.048,-0.201,0.027,0.2084,7,0x01,3
46:52.2,-0.054,-0.203,0.015,0.2106,7,0x01,3
46:52.3,-0.051,-0.205,0.01,0.2115,7,0x01,3
46:52.4,-0.053,-0.206,0.017,0.2134,7,0x01,3
46:52.5,-0.054,-0.21,0.008,0.217,7,0x01,3
46:52.6,-0.06,-0.209,-0.002,0.2175,7,0x01,3
46:52.7,-0.057,-0.207,0.015,0.2152,7,0x01,3
46:52.8,-0.055,-0.21,0.003,0.2171,7,0x01,3
46:52.9,-0.058,-0.206,0.002,0.214,7,0x01,3
46:53.0,-0.049,-0.211,0.019,0.2174,7,0x01,3
46:53.1,-0.054,-0.207,0.02,0.2149,7,0x01,3
46:53.2,-0.048,-0.208,0.02,0.2144,7,0x01,3
46:53.3,-0.05,-0.207,0.018,0.2137,7,0x01,3
46:53.4,-0.04,-0.205,0.04,0.2127,7,0x01,3
46:53.5,-0.042,-0.205,0.038,0.2127,7,0x01,3
46:53.6,-0.046,-0.203,0.031,0.2104,7,0x01,3
46:53.7,-0.047,-0.202,0.03,0.2096,7,0x01,3
46:53.8,-0.054,-0.202,0.012,0.2094,7,0x01,3
46:53.9,-0.05,-0.204,-0.004,0.2101,7,0x01,3
7/30/2015 17:46,-0.051,-0.204,0.002,0.2103,7,0x01,6
46:54.1,-0.052,-0.206,0.028,0.2143,7,0x01,6
46:54.2,-0.053,-0.204,0.028,0.2126,7,0x01,6
46:54.3,-0.049,-0.203,0.027,0.2106,7,0x01,6
46:54.4,-0.05,-0.202,0.017,0.2088,7,0x01,6
46:54.5,-0.043,-0.203,0.027,0.2093,7,0x01,6
46:54.6,-0.046,-0.197,0.025,0.2038,7,0x01,6
46:54.7,-0.052,-0.195,0.022,0.203,7,0x01,6
46:54.8,-0.045,-0.2,0.017,0.2057,7,0x01,6
46:54.9,-0.046,-0.199,0.017,0.205,7,0x01,6
7/30/2015 17:46,-0.045,-0.203,0.022,0.2091,7,0x01,2
46:55.1,-0.043,-0.202,0.031,0.2088,7,0x01,2
46:55.2,-0.047,-0.202,0.017,0.2081,7,0x01,2
46:55.3,-0.057,-0.204,0.006,0.2119,7,0x01,2
46:55.4,-0.053,-0.203,0.012,0.2101,7,0x01,2
46:55.5,-0.052,-0.205,0.013,0.2119,7,0x01,2
46:55.6,-0.056,-0.199,0.01,0.207,7,0x01,2
46:55.7,-0.054,-0.204,0.005,0.2111,7,0x01,2
46:55.8,-0.051,-0.204,0.015,0.2108,7,0x01,2
46:55.9,-0.045,-0.209,0.017,0.2145,7,0x01,2
46:56.0,-0.037,-0.209,0.042,0.2164,7,0x01,2
46:56.1,-0.039,-0.201,0.06,0.2134,7,0x01,2
46:56.2,-0.043,-0.209,0.033,0.2159,8,0x01,2
46:56.3,-0.053,-0.203,0.031,0.2121,8,0x01,2
46:56.4,-0.051,-0.201,0.027,0.2091,8,0x01,2
46:56.5,-0.052,-0.201,0.025,0.2091,8,0x01,2
46:56.6,-0.053,-0.199,0.029,0.208,8,0x01,2
46:56.7,-0.049,-0.2,0.034,0.2087,8,0x01,2
46:56.8,-0.057,-0.198,0.023,0.2073,8,0x01,2
46:56.9,-0.057,-0.196,0.027,0.2059,8,0x01,2
46:57.0,-0.05,-0.205,0.031,0.2133,8,0x01,2
46:57.1,-0.046,-0.205,0.039,0.2137,8,0x01,1
46:57.2,-0.053,-0.199,0.019,0.2068,8,0x01,1
46:57.3,-0.054,-0.202,0.013,0.2095,8,0x01,1
46:57.4,-0.048,-0.204,0.024,0.2109,8,0x01,1
46:57.5,-0.058,-0.199,0.024,0.2087,8,0x01,1
46:57.6,-0.06,-0.201,0.021,0.2108,8,0x01,1
46:57.7,-0.06,-0.2,0.022,0.21,8,0x01,1
46:57.8,-0.049,-0.197,0.035,0.206,8,0x01,1
46:57.9,-0.05,-0.203,0.02,0.21,8,0x01,1
46:58.0,-0.05,-0.206,0.018,0.2127,8,0x01,1
46:58.1,-0.047,-0.204,0.021,0.2104,8,0x01,1
46:58.2,-0.05,-0.2,0.044,0.2108,8,0x01,1
46:58.3,-0.048,-0.196,0.039,0.2055,8,0x01,1
46:58.4,-0.05,-0.194,0.029,0.2024,8,0x01,1
46:58.5,-0.054,-0.194,0.045,0.2063,8,0x01,1
46:58.6,-0.049,-0.196,0.048,0.2077,8,0x01,1
46:58.7,-0.046,-0.202,0.036,0.2103,8,0x01,1
46:58.8,-0.047,-0.201,0.047,0.2117,8,0x01,1
46:58.9,-0.047,-0.205,0.035,0.2132,8,0x01,1
46:59.0,-0.043,-0.198,0.061,0.2116,8,0x01,1
46:59.1,-0.048,-0.198,0.044,0.2084,8,0x01,1
46:59.2,-0.045,-0.202,0.027,0.2087,8,0x01,1
46:59.3,-0.05,-0.2,0.009,0.2064,8,0x01,1
46:59.4,-0.05,-0.201,0.011,0.2074,8,0x01,1
46:59.5,-0.051,-0.201,0.004,0.2074,8,0x01,1
46:59.6,-0.05,-0.199,0.027,0.207,7,0x01,1
46:59.7,-0.054,-0.205,0.002,0.212,7,0x01,1
46:59.8,-0.054,-0.202,0.009,0.2093,7,0x01,1
46:59.9,-0.051,-0.204,0.003,0.2103,7,0x01,1
7/30/2015 17:47,-0.05,-0.208,0.003,0.2139,7,0x01,1
47:00.1,-0.045,-0.208,0.024,0.2142,7,0x01,3
47:00.2,-0.044,-0.206,0.014,0.2111,7,0x01,3
47:00.3,-0.049,-0.205,0.026,0.2124,7,0x01,3
47:00.4,-0.055,-0.204,0.016,0.2119,7,0x01,3
47:00.5,-0.059,-0.208,-0.002,0.2162,7,0x01,3
47:00.6,-0.056,-0.204,0.005,0.2116,7,0x01,3
47:00.7,-0.048,-0.21,0.014,0.2159,7,0x01,3
47:00.8,-0.052,-0.207,0.007,0.2135,7,0x01,3
47:00.9,-0.05,-0.209,0.011,0.2152,7,0x01,3
47:01.0,-0.052,-0.204,0.007,0.2106,7,0x01,3
47:01.1,-0.049,-0.209,0.011,0.2149,7,0x01,1
47:01.2,-0.048,-0.209,0.011,0.2147,7,0x01,1
47:01.3,-0.052,-0.206,0.01,0.2127,7,0x01,1
47:01.4,-0.05,-0.204,0.008,0.2102,7,0x01,1
47:01.5,-0.055,-0.203,0,0.2103,7,0x01,1
47:01.6,-0.047,-0.206,0.017,0.212,7,0x01,1
47:01.9,-0.057,-0.197,0.007,0.2052,7,0x01,1
7/30/2015 17:47,-0.049,-0.196,0.022,0.2032,7,0x01,1
47:02.1,-0.048,-0.198,0.036,0.2069,7,0x01,1
47:02.2,-0.053,-0.199,0.016,0.2066,7,0x01,1
47:02.3,-0.067,-0.201,-0.002,0.2119,7,0x01,1
47:02.4,-0.062,-0.202,-0.002,0.2113,7,0x01,1
47:02.5,-0.058,-0.202,-0.002,0.2102,7,0x01,1
47:02.6,-0.054,-0.207,0,0.2139,7,0x01,1
47:02.7,-0.054,-0.206,0.003,0.213,7,0x01,1
47:02.8,-0.051,-0.204,0.012,0.2106,7,0x01,1
47:02.9,-0.051,-0.204,0.02,0.2112,7,0x01,1
47:03.0,-0.055,-0.198,0,0.2055,7,0x01,1
47:03.1,-0.053,-0.199,0.012,0.2063,7,0x01,3
47:03.2,-0.057,-0.202,0.003,0.2099,7,0x01,3
47:03.3,-0.056,-0.204,0.022,0.2127,7,0x01,3
47:03.4,-0.055,-0.201,0.019,0.2093,7,0x01,3
47:03.5,-0.061,-0.203,0.009,0.2122,7,0x01,3
47:03.6,-0.055,-0.206,0,0.2132,7,0x01,3
47:03.7,-0.054,-0.205,0.008,0.2121,7,0x01,3
47:03.8,-0.064,-0.201,-0.007,0.2111,7,0x01,3
47:03.9,-0.053,-0.2,0.031,0.2092,7,0x01,3
47:04.0,-0.053,-0.205,0.014,0.2122,7,0x01,3
47:04.1,-0.052,-0.21,-0.003,0.2164,7,0x01,1
47:04.2,-0.052,-0.21,-0.002,0.2164,7,0x01,1
47:04.3,-0.052,-0.204,0.015,0.2111,7,0x01,1
47:04.4,-0.051,-0.204,0.005,0.2103,7,0x01,1
47:04.5,-0.051,-0.205,0.023,0.2125,7,0x01,1
47:04.6,-0.051,-0.202,0.023,0.2096,7,0x01,1
47:04.7,-0.053,-0.201,0.018,0.2086,7,0x01,1
47:04.8,-0.052,-0.205,0.019,0.2123,7,0x01,1
47:04.9,-0.052,-0.206,0.011,0.2127,7,0x01,1
47:05.0,-0.055,-0.204,0.006,0.2114,7,0x01,1
47:05.1,-0.06,-0.198,0.008,0.207,7,0x01,3
47:05.2,-0.051,-0.198,0.019,0.2053,7,0x01,3
47:05.3,-0.053,-0.199,0.022,0.2071,7,0x01,3
47:05.4,-0.044,-0.208,0.026,0.2142,7,0x01,3
47:05.5,-0.051,-0.205,0.007,0.2114,7,0x01,3
47:05.6,-0.049,-0.206,0.017,0.2124,7,0x01,3
47:05.7,-0.056,-0.203,0.005,0.2106,7,0x01,3
47:05.8,-0.051,-0.203,0.013,0.2097,7,0x01,3
47:05.9,-0.053,-0.201,0.014,0.2083,7,0x01,3
7/30/2015 17:47,-0.048,-0.202,0.02,0.2086,7,0x01,3
47:06.1,-0.053,-0.203,0.014,0.2103,7,0x01,2
47:06.2,-0.055,-0.199,0.015,0.207,7,0x01,2
47:06.3,-0.049,-0.204,0.022,0.211,7,0x01,2
47:06.4,-0.046,-0.207,0.014,0.2125,7,0x01,2
47:06.5,-0.054,-0.198,0.011,0.2055,7,0x01,2
47:06.6,-0.054,-0.199,0.005,0.2063,7,0x01,2
47:06.7,-0.05,-0.198,0.027,0.206,7,0x01,2
47:06.8,-0.05,-0.198,0.027,0.206,7,0x01,2
47:06.9,-0.047,-0.201,0.03,0.2086,7,0x01,2
7/30/2015 17:47,-0.053,-0.201,0.014,0.2083,7,0x01,1
47:07.1,-0.045,-0.201,0.024,0.2074,7,0x01,1
47:07.2,-0.036,-0.201,0.04,0.2081,7,0x01,1
47:07.3,-0.034,-0.204,0.036,0.2099,7,0x01,1
47:07.4,-0.037,-0.2,0.034,0.2062,7,0x01,1
47:07.5,-0.037,-0.206,0.035,0.2122,7,0x01,1
47:07.6,-0.049,-0.196,0.018,0.2028,7,0x01,1
47:07.7,-0.049,-0.199,0.023,0.2062,7,0x01,1
47:07.8,-0.05,-0.197,0.019,0.2041,7,0x01,1
47:07.9,-0.052,-0.194,0.015,0.2014,7,0x01,1
47:08.0,-0.053,-0.2,-0.002,0.2069,7,0x01,1
47:08.1,-0.047,-0.199,0.014,0.205,7,0x01,1
47:08.2,-0.046,-0.202,0.012,0.2075,7,0x01,1
47:08.3,-0.048,-0.198,0.022,0.2049,7,0x01,1
47:08.4,-0.038,-0.205,0.028,0.2104,7,0x01,1
47:08.5,-0.049,-0.199,0.03,0.2071,7,0x01,1
47:08.6,-0.045,-0.201,0.034,0.2088,7,0x01,1
47:08.7,-0.048,-0.198,0.026,0.2054,7,0x01,1
47:08.8,-0.037,-0.198,0.05,0.2075,7,0x01,1
47:08.9,-0.04,-0.197,0.034,0.2039,7,0x01,1
47:09.0,-0.045,-0.202,0.029,0.209,7,0x01,1
47:09.1,-0.041,-0.2,0.039,0.2079,7,0x01,3
47:09.2,-0.044,-0.2,0.027,0.2066,7,0x01,3
47:09.3,-0.047,-0.196,0.034,0.2044,7,0x01,3
47:09.4,-0.052,-0.202,0.009,0.2088,7,0x01,3
47:09.5,-0.042,-0.2,0.036,0.2075,7,0x01,3
47:09.6,-0.043,-0.202,0.029,0.2086,7,0x01,3
47:09.7,-0.042,-0.203,0.021,0.2084,7,0x01,2
47:09.8,-0.041,-0.205,0.022,0.2102,7,0x01,2
47:09.9,-0.048,-0.203,0.018,0.2094,7,0x01,2
47:10.0,-0.049,-0.202,0.008,0.208,7,0x01,2
47:10.1,-0.049,-0.202,0.013,0.2083,7,0x01,2
47:10.2,-0.054,-0.2,0.004,0.2072,7,0x01,2
47:10.3,-0.056,-0.2,0.008,0.2078,7,0x01,2
47:10.4,-0.058,-0.196,0.006,0.2045,8,0x01,2
47:10.5,-0.057,-0.197,0.011,0.2054,8,0x01,2
47:10.6,-0.051,-0.198,0.026,0.2061,8,0x01,1
47:10.7,-0.053,-0.197,0.014,0.2045,8,0x01,1
47:10.8,-0.046,-0.2,0.022,0.2064,8,0x01,1
47:10.9,-0.049,-0.2,0.018,0.2067,8,0x01,1
47:11.0,-0.046,-0.199,0.024,0.2057,8,0x01,1
47:11.1,-0.043,-0.196,0.027,0.2025,8,0x01,1
47:11.2,-0.056,-0.198,0.017,0.2065,8,0x01,1
47:11.3,-0.044,-0.192,0.04,0.201,8,0x01,1
47:11.4,-0.04,-0.196,0.049,0.206,8,0x01,1
47:11.5,-0.043,-0.193,0.039,0.2015,8,0x01,1
47:11.6,-0.056,-0.195,0.015,0.2034,8,0x01,1
47:11.7,-0.051,-0.194,0.013,0.201,8,0x01,1
47:11.8,-0.052,-0.196,0.005,0.2028,8,0x01,1
47:11.9,-0.058,-0.192,0.014,0.2011,8,0x01,1
47:12.0,-0.052,-0.192,0.026,0.2006,8,0x01,1
47:12.1,-0.047,-0.199,0.025,0.206,8,0x01,1
47:12.2,-0.049,-0.198,0.023,0.2053,8,0x01,1
47:12.3,-0.05,-0.191,0.024,0.1989,8,0x01,1
47:12.4,-0.055,-0.188,0.014,0.1964,8,0x01,1
47:12.5,-0.05,-0.198,0.015,0.2048,8,0x01,1
47:12.6,-0.049,-0.196,0.017,0.2027,8,0x01,1
47:12.7,-0.054,-0.195,0.011,0.2026,8,0x01,1
47:12.8,-0.048,-0.19,0.02,0.197,8,0x01,1
47:12.9,-0.044,-0.188,0.029,0.1952,8,0x01,1
47:13.0,-0.043,-0.193,0.03,0.2,8,0x01,1
47:13.1,-0.05,-0.2,0.027,0.2079,8,0x01,1
47:13.2,-0.043,-0.199,0.04,0.2075,8,0x01,1
47:13.3,-0.044,-0.202,0.038,0.2102,8,0x01,1
47:13.4,-0.049,-0.195,0.03,0.2033,8,0x01,1
47:13.5,-0.042,-0.194,0.023,0.1998,8,0x01,1
47:13.6,-0.044,-0.193,0.02,0.199,8,0x01,1
47:13.7,-0.044,-0.2,0.017,0.2055,8,0x01,1
47:13.8,-0.045,-0.198,0.019,0.2039,8,0x01,1
47:13.9,-0.036,-0.202,0.034,0.208,8,0x01,1
47:14.0,-0.037,-0.197,0.043,0.205,8,0x01,1
47:14.1,-0.048,-0.192,0.023,0.1992,8,0x01,1
47:14.2,-0.044,-0.192,0.036,0.2002,8,0x01,1
47:14.3,-0.051,-0.192,0.023,0.2,8,0x01,1
47:14.4,-0.036,-0.196,0.045,0.2043,8,0x01,1
47:14.5,-0.045,-0.197,0.031,0.2044,8,0x01,1
47:14.6,-0.043,-0.198,0.037,0.206,8,0x01,1
47:14.7,-0.04,-0.197,0.036,0.2042,8,0x01,1
47:14.8,-0.04,-0.197,0.033,0.2037,8,0x01,1
47:14.9,-0.041,-0.2,0.032,0.2067,8,0x01,1
47:15.0,-0.037,-0.2,0.049,0.2092,8,0x01,1
47:15.1,-0.042,-0.198,0.038,0.2059,8,0x01,1
47:15.2,-0.039,-0.2,0.042,0.2081,8,0x01,1
47:15.3,-0.052,-0.194,0.035,0.2039,8,0x01,1
47:15.4,-0.047,-0.197,0.044,0.2073,8,0x01,1
47:15.5,-0.05,-0.196,0.03,0.2045,8,0x01,1
47:15.6,-0.045,-0.202,0.037,0.2102,8,0x01,1
47:15.7,-0.051,-0.198,0.02,0.2054,8,0x01,1
47:15.8,-0.048,-0.197,0.019,0.2037,8,0x01,1
47:15.9,-0.049,-0.193,0.024,0.2006,8,0x01,1
47:16.0,-0.041,-0.198,0.046,0.2074,8,0x01,1
47:16.1,-0.046,-0.195,0.03,0.2026,8,0x01,1
47:16.2,-0.042,-0.198,0.036,0.2056,8,0x01,1
47:16.3,-0.046,-0.202,0.031,0.2095,8,0x01,1
47:16.4,-0.051,-0.198,0.025,0.206,8,0x01,1
47:16.5,-0.048,-0.202,0.03,0.2098,8,0x01,1
47:16.6,-0.054,-0.193,0.023,0.2017,9,0x01,1
47:16.7,-0.054,-0.199,0.023,0.2075,9,0x01,1
47:16.8,-0.052,-0.194,0.024,0.2023,9,0x01,1
47:16.9,-0.052,-0.196,0.025,0.2043,9,0x01,1
47:17.0,-0.055,-0.199,0.007,0.2066,9,0x01,1
47:17.1,-0.056,-0.197,0.009,0.205,9,0x01,1
47:17.2,-0.058,-0.192,0.029,0.2027,9,0x01,1
47:17.3,-0.054,-0.194,0.016,0.202,9,0x01,1
47:17.4,-0.046,-0.199,0.039,0.2079,9,0x01,1
47:17.5,-0.052,-0.198,0.007,0.2048,9,0x01,1
47:17.6,-0.048,-0.197,0.017,0.2035,9,0x01,1
47:17.8,-0.046,-0.196,0.02,0.2023,8,0x01,1
47:17.9,-0.039,-0.203,0.034,0.2095,8,0x01,1
7/30/2015 17:47,-0.035,-0.201,0.031,0.2064,8,0x01,1
47:18.1,-0.043,-0.201,0.031,0.2079,8,0x01,1
47:18.2,-0.048,-0.197,0.027,0.2046,8,0x01,1
47:18.3,-0.045,-0.2,0.024,0.2064,8,0x01,1
47:18.4,-0.045,-0.198,0.02,0.204,8,0x01,1
47:18.5,-0.044,-0.198,0.024,0.2042,8,0x01,1
47:18.6,-0.057,-0.196,0.028,0.206,8,0x01,1
47:18.7,-0.055,-0.195,0.025,0.2041,8,0x01,1
47:18.8,-0.048,-0.201,0.025,0.2082,9,0x01,1
47:18.9,-0.046,-0.201,0.029,0.2082,9,0x01,1
7/30/2015 17:47,-0.046,-0.196,0.022,0.2025,9,0x01,1
47:19.1,-0.049,-0.193,0.01,0.1994,9,0x01,1
47:19.2,-0.049,-0.193,0.022,0.2003,9,0x01,1
47:19.3,-0.05,-0.197,0.039,0.207,9,0x01,1
47:19.4,-0.04,-0.199,0.051,0.2093,9,0x01,1
47:19.5,-0.046,-0.196,0.046,0.2065,9,0x01,1
47:19.6,-0.049,-0.194,0.029,0.2022,9,0x01,1
47:19.7,-0.035,-0.2,0.046,0.2082,9,0x01,1
47:19.8,-0.035,-0.196,0.049,0.205,9,0x01,1
47:19.9,-0.045,-0.199,0.041,0.2081,9,0x01,1
7/30/2015 17:47,-0.045,-0.2,0.037,0.2083,9,0x01,1
47:20.1,-0.039,-0.204,0.034,0.2105,9,0x01,1
47:20.2,-0.034,-0.206,0.04,0.2126,9,0x01,1
47:20.3,-0.042,-0.201,0.03,0.2075,9,0x01,1
47:20.4,-0.044,-0.198,0.026,0.2045,9,0x01,1
47:20.5,-0.043,-0.194,0.028,0.2007,9,0x01,1
47:20.6,-0.042,-0.195,0.029,0.2016,9,0x01,1
47:20.7,-0.038,-0.2,0.037,0.2069,8,0x01,1
47:20.8,-0.039,-0.199,0.043,0.2073,8,0x01,1
47:20.9,-0.039,-0.201,0.035,0.2077,8,0x01,1
7/30/2015 17:47,-0.051,-0.196,0.026,0.2042,8,0x01,1
47:21.1,-0.046,-0.198,0.032,0.2058,8,0x01,1
47:21.2,-0.041,-0.2,0.024,0.2056,8,0x01,1
47:21.3,-0.043,-0.198,0.02,0.2036,8,0x01,1
47:21.4,-0.036,-0.199,0.039,0.206,9,0x01,1
47:21.5,-0.04,-0.197,0.046,0.2062,9,0x01,1
47:21.6,-0.042,-0.198,0.043,0.2069,9,0x01,1
47:21.7,-0.045,-0.197,0.036,0.2053,9,0x01,1
47:21.8,-0.043,-0.198,0.039,0.2063,9,0x01,1
47:21.9,-0.046,-0.193,0.038,0.202,9,0x01,1
7/30/2015 17:47,-0.043,-0.195,0.047,0.2051,9,0x01,1
47:22.1,-0.036,-0.203,0.049,0.2119,9,0x01,1
47:22.2,-0.034,-0.203,0.056,0.2133,9,0x01,1
47:22.3,-0.047,-0.197,0.029,0.2046,9,0x01,1
47:22.4,-0.046,-0.195,0.03,0.2026,9,0x01,1
47:22.5,-0.045,-0.191,0.027,0.1981,9,0x01,1
47:22.6,-0.045,-0.194,0.025,0.2007,9,0x01,1
47:22.7,-0.044,-0.196,0.027,0.2027,9,0x01,1
47:22.8,-0.044,-0.198,0.027,0.2046,9,0x01,1
47:22.9,-0.05,-0.192,0.019,0.1993,9,0x01,1
7/30/2015 17:47,-0.043,-0.194,0.033,0.2014,9,0x01,1
47:23.1,-0.045,-0.193,0.034,0.2011,9,0x01,1
47:23.2,-0.046,-0.196,0.037,0.2047,9,0x01,1
47:23.3,-0.044,-0.193,0.033,0.2007,9,0x01,1
47:23.4,-0.044,-0.198,0.036,0.206,9,0x01,1
47:23.5,-0.043,-0.197,0.036,0.2048,9,0x01,1
47:23.6,-0.041,-0.197,0.042,0.2056,9,0x01,1
47:23.7,-0.04,-0.195,0.042,0.2034,9,0x01,1
47:23.8,-0.04,-0.195,0.037,0.2025,9,0x01,1
47:23.9,-0.043,-0.198,0.039,0.2063,9,0x01,1
7/30/2015 17:47,-0.048,-0.193,0.03,0.2011,9,0x01,1
47:24.1,-0.049,-0.191,0.019,0.1981,9,0x01,1
47:24.2,-0.045,-0.194,0.027,0.201,9,0x01,1
47:24.3,-0.047,-0.196,0.028,0.2035,9,0x01,1
47:24.4,-0.046,-0.197,0.022,0.2035,9,0x01,1
47:24.5,-0.052,-0.194,0.033,0.2035,9,0x01,1
47:24.6,-0.051,-0.193,0.027,0.2014,9,0x01,1
47:24.7,-0.052,-0.194,0.027,0.2027,9,0x01,1
47:24.8,-0.044,-0.198,0.035,0.2058,9,0x01,1
47:24.9,-0.043,-0.201,0.028,0.2074,9,0x01,1
7/30/2015 17:47,-0.047,-0.193,0.026,0.2003,9,0x01,1
47:25.1,-0.046,-0.196,0.017,0.202,9,0x01,1
47:25.2,-0.047,-0.195,0.017,0.2013,9,0x01,1
47:25.3,-0.043,-0.195,0.026,0.2014,9,0x01,1
47:25.4,-0.044,-0.193,0.027,0.1998,9,0x01,1
47:25.5,-0.032,-0.201,0.041,0.2076,9,0x01,1
47:25.6,-0.029,-0.197,0.044,0.2039,9,0x01,1
47:25.7,-0.035,-0.2,0.039,0.2068,9,0x01,1
47:25.8,-0.037,-0.199,0.032,0.2049,9,0x01,1
47:25.9,-0.04,-0.202,0.035,0.2089,9,0x01,1
7/30/2015 17:47,-0.04,-0.197,0.034,0.2039,9,0x01,1
47:26.1,-0.039,-0.2,0.04,0.2077,9,0x01,1
47:26.2,-0.046,-0.198,0.033,0.2059,9,0x01,1
47:26.3,-0.041,-0.201,0.044,0.2098,9,0x01,1
47:26.4,-0.043,-0.196,0.047,0.2061,9,0x01,1
47:26.6,-0.038,-0.201,0.044,0.2092,8,0x01,1
47:26.7,-0.043,-0.203,0.027,0.2093,8,0x01,1
47:26.8,-0.036,-0.201,0.042,0.2085,8,0x01,1
47:26.9,-0.045,-0.198,0.026,0.2047,8,0x01,1
47:27.0,-0.044,-0.196,0.021,0.202,7,0x01,1
47:27.1,-0.044,-0.199,0.02,0.2048,7,0x01,3
47:27.2,-0.041,-0.204,0.011,0.2084,7,0x01,3
47:27.3,-0.05,-0.198,0.024,0.2056,7,0x01,3
47:27.4,-0.048,-0.194,0.027,0.2017,7,0x01,3
47:27.5,-0.046,-0.193,0.022,0.1996,7,0x01,3
47:27.6,-0.047,-0.202,0.018,0.2082,7,0x01,3
47:27.7,-0.055,-0.194,0.018,0.2024,7,0x01,3
47:27.8,-0.053,-0.199,0.019,0.2068,7,0x01,3
47:27.9,-0.057,-0.2,0.022,0.2091,7,0x01,3
7/30/2015 17:47,-0.051,-0.2,0.023,0.2077,7,0x01,3
47:28.1,-0.047,-0.198,0.018,0.2043,7,0x01,3
47:28.2,-0.053,-0.201,0.007,0.208,7,0x01,3
47:28.3,-0.045,-0.203,0.016,0.2085,7,0x01,3
47:28.4,-0.054,-0.198,0.022,0.2064,8,0x01,3
47:28.5,-0.057,-0.194,0.027,0.204,8,0x01,3
47:28.6,-0.056,-0.194,0.03,0.2041,8,0x01,3
47:28.7,-0.06,-0.193,0.02,0.2031,8,0x01,3
47:28.8,-0.06,-0.192,0.01,0.2014,8,0x01,3
47:28.9,-0.056,-0.19,0.021,0.1992,8,0x01,3
47:29.0,-0.044,-0.196,0.035,0.2039,8,0x01,1
47:29.1,-0.042,-0.203,0.032,0.2098,8,0x01,1
47:29.2,-0.047,-0.2,0.02,0.2064,8,0x01,1
47:29.3,-0.048,-0.201,0.023,0.2079,8,0x01,1
47:29.4,-0.043,-0.199,0.033,0.2062,8,0x01,1
47:29.5,-0.052,-0.201,0.02,0.2086,8,0x01,1
47:29.6,-0.042,-0.202,0.037,0.2096,8,0x01,1
47:29.7,-0.047,-0.198,0.033,0.2062,8,0x01,1
47:29.8,-0.051,-0.198,0.023,0.2058,8,0x01,1
47:29.9,-0.047,-0.198,0.016,0.2041,8,0x01,1
7/30/2015 17:47,-0.046,-0.201,0.013,0.2066,8,0x01,1
47:30.1,-0.046,-0.202,0.031,0.2095,8,0x01,1
47:30.2,-0.043,-0.201,0.028,0.2074,8,0x01,1
47:30.3,-0.053,-0.196,0.024,0.2045,8,0x01,1
47:30.4,-0.05,-0.199,0.018,0.206,8,0x01,1
47:30.5,-0.035,-0.199,0.057,0.2099,8,0x01,1
47:30.6,-0.036,-0.199,0.051,0.2086,8,0x01,1
47:30.7,-0.041,-0.199,0.034,0.206,8,0x01,1
47:30.8,-0.042,-0.198,0.036,0.2056,8,0x01,1
47:30.9,-0.043,-0.197,0.031,0.204,8,0x01,1
47:31.0,-0.037,-0.194,0.044,0.2023,8,0x01,1
47:31.1,-0.036,-0.192,0.039,0.1992,8,0x01,1
47:31.2,-0.043,-0.191,0.022,0.197,8,0x01,1
47:31.3,-0.046,-0.195,0.037,0.2037,8,0x01,1
47:31.4,-0.043,-0.196,0.043,0.2052,8,0x01,1
47:31.5,-0.049,-0.193,0.026,0.2008,8,0x01,1
47:31.6,-0.046,-0.198,0.028,0.2052,8,0x01,1
47:31.7,-0.046,-0.197,0.037,0.2057,8,0x01,1
47:31.8,-0.044,-0.196,0.039,0.2046,8,0x01,1
47:31.9,-0.047,-0.195,0.038,0.2042,8,0x01,1
7/30/2015 17:47,-0.047,-0.194,0.038,0.2032,8,0x01,1
47:32.1,-0.048,-0.193,0.028,0.2008,8,0x01,1
47:32.2,-0.038,-0.196,0.043,0.2042,8,0x01,1
47:32.3,-0.052,-0.192,0.02,0.1999,8,0x01,1
47:32.4,-0.05,-0.189,0.024,0.197,8,0x01,1
47:32.5,-0.047,-0.191,0.026,0.1984,8,0x01,1
47:32.6,-0.048,-0.191,0.033,0.1997,8,0x01,1
47:32.7,-0.041,-0.195,0.037,0.2027,8,0x01,1
47:32.8,-0.046,-0.196,0.02,0.2023,8,0x01,1
47:32.9,-0.046,-0.193,0.022,0.1996,8,0x01,1
7/30/2015 17:47,-0.06,-0.197,0.008,0.2061,8,0x01,1
47:33.1,-0.052,-0.197,0.021,0.2048,8,0x01,3
47:33.2,-0.052,-0.193,0.01,0.2001,8,0x01,3
47:33.3,-0.047,-0.196,0.026,0.2032,8,0x01,3
47:33.4,-0.058,-0.198,0.004,0.2064,8,0x01,3
47:33.5,-0.047,-0.192,0.031,0.2001,8,0x01,3
47:33.6,-0.05,-0.192,0.014,0.1989,8,0x01,3
47:33.7,-0.055,-0.191,0.013,0.1992,8,0x01,3
47:33.8,-0.047,-0.194,0.02,0.2006,9,0x01,3
47:33.9,-0.039,-0.196,0.043,0.2044,9,0x01,3
7/30/2015 17:47,-0.039,-0.194,0.039,0.2017,9,0x01,3
47:34.1,-0.04,-0.197,0.043,0.2056,9,0x01,1
47:34.2,-0.04,-0.198,0.039,0.2057,9,0x01,1
47:34.3,-0.042,-0.197,0.041,0.2056,9,0x01,1
47:34.4,-0.042,-0.191,0.038,0.1992,9,0x01,1
47:34.5,-0.055,-0.186,0.02,0.195,9,0x01,1
47:34.6,-0.047,-0.198,0.035,0.2065,9,0x01,1
47:34.7,-0.048,-0.197,0.03,0.205,9,0x01,1
47:34.8,-0.047,-0.198,0.035,0.2065,9,0x01,1
47:34.9,-0.044,-0.198,0.039,0.2065,9,0x01,1
7/30/2015 17:47,-0.048,-0.194,0.021,0.201,9,0x01,1
47:35.1,-0.049,-0.195,0.02,0.2021,9,0x01,1
47:35.2,-0.046,-0.194,0.03,0.2016,9,0x01,1
47:35.3,-0.045,-0.194,0.034,0.202,9,0x01,1
47:35.4,-0.054,-0.198,0.021,0.2063,9,0x01,1
47:35.5,-0.052,-0.197,0.021,0.2048,9,0x01,1
47:35.6,-0.048,-0.197,0.025,0.2043,9,0x01,1
47:35.7,-0.048,-0.201,0.022,0.2078,9,0x01,1
47:35.8,-0.052,-0.195,0.021,0.2029,9,0x01,1
47:35.9,-0.049,-0.197,0.021,0.2041,9,0x01,1
7/30/2015 17:47,-0.05,-0.197,0.011,0.2035,9,0x01,1
47:36.1,-0.048,-0.201,0.032,0.2091,9,0x01,1
47:36.2,-0.05,-0.196,0.02,0.2033,9,0x01,1
47:36.3,-0.044,-0.199,0.024,0.2052,9,0x01,1
47:36.4,-0.041,-0.195,0.034,0.2021,9,0x01,1
47:36.5,-0.043,-0.198,0.032,0.2051,9,0x01,1
47:36.6,-0.055,-0.197,0.014,0.205,9,0x01,1
47:36.7,-0.055,-0.192,0.02,0.2007,9,0x01,1
47:36.8,-0.053,-0.195,0.023,0.2034,9,0x01,1
47:36.9,-0.053,-0.196,0.025,0.2046,9,0x01,1
47:37.0,-0.055,-0.193,0.012,0.201,9,0x01,1
47:37.1,-0.054,-0.195,0.019,0.2032,9,0x01,1
47:37.2,-0.054,-0.194,0.016,0.202,9,0x01,1
47:37.3,-0.054,-0.193,0.018,0.2012,9,0x01,1
47:37.4,-0.048,-0.199,0.031,0.207,9,0x01,1
47:37.5,-0.049,-0.199,0.029,0.207,9,0x01,1
47:37.6,-0.047,-0.198,0.025,0.205,9,0x01,1
47:37.7,-0.05,-0.197,0.025,0.2048,9,0x01,1
47:37.8,-0.052,-0.195,0.027,0.2036,9,0x01,1
47:37.9,-0.05,-0.197,0.032,0.2057,9,0x01,1
47:38.0,-0.052,-0.198,0.037,0.208,9,0x01,1
47:38.1,-0.046,-0.201,0.027,0.208,9,0x01,1
47:38.2,-0.052,-0.198,0.018,0.2055,9,0x01,1
47:38.3,-0.046,-0.198,0.031,0.2056,9,0x01,1
47:38.4,-0.051,-0.194,0.032,0.2031,9,0x01,1
47:38.5,-0.046,-0.2,0.033,0.2079,9,0x01,1
47:38.6,-0.047,-0.2,0.022,0.2066,9,0x01,1
47:38.7,-0.049,-0.191,0.019,0.1981,9,0x01,1
47:38.8,-0.05,-0.191,0.023,0.1988,9,0x01,1
47:38.9,-0.046,-0.194,0.027,0.2012,9,0x01,1
47:39.0,-0.045,-0.202,0.034,0.2097,9,0x01,1
47:39.1,-0.053,-0.198,0.031,0.2073,9,0x01,1
47:39.2,-0.045,-0.201,0.047,0.2113,9,0x01,1
47:39.3,-0.052,-0.198,0.034,0.2075,9,0x01,1
47:39.4,-0.037,-0.204,0.046,0.2124,9,0x01,1
47:39.5,-0.041,-0.201,0.034,0.2079,9,0x01,1
47:39.6,-0.045,-0.201,0.038,0.2095,9,0x01,1
47:39.7,-0.043,-0.199,0.018,0.2044,9,0x01,1
47:39.8,-0.038,-0.199,0.028,0.2045,9,0x01,1
47:39.9,-0.047,-0.202,0.03,0.2096,9,0x01,1
7/30/2015 17:47,-0.052,-0.199,0.028,0.2076,9,0x01,1
47:40.1,-0.046,-0.198,0.03,0.2055,9,0x01,1
47:40.2,-0.044,-0.199,0.034,0.2066,9,0x01,1
47:40.3,-0.05,-0.198,0.026,0.2059,9,0x01,1
47:40.4,-0.054,-0.198,0.014,0.2057,9,0x01,1
47:40.5,-0.05,-0.2,0.025,0.2077,9,0x01,1
47:40.6,-0.05,-0.202,0.029,0.2101,9,0x01,1
47:40.7,-0.05,-0.2,0.017,0.2069,9,0x01,1
47:40.8,-0.047,-0.203,0.027,0.2101,9,0x01,1
47:40.9,-0.057,-0.197,0.009,0.2053,9,0x01,1
7/30/2015 17:47,-0.048,-0.197,0.029,0.2048,9,0x01,1
47:41.1,-0.045,-0.196,0.028,0.203,9,0x01,1
47:41.2,-0.052,-0.198,0.016,0.2053,9,0x01,1
47:41.3,-0.055,-0.193,0.01,0.2009,9,0x01,1
47:41.4,-0.041,-0.199,0.037,0.2065,9,0x01,1
47:41.5,-0.049,-0.193,0.017,0.1998,9,0x01,1
47:41.6,-0.054,-0.198,0.027,0.207,9,0x01,1
47:41.7,-0.055,-0.198,0.019,0.2064,9,0x01,1
47:41.8,-0.053,-0.194,0.008,0.2013,9,0x01,1
47:41.9,-0.056,-0.195,0.015,0.2034,9,0x01,1
47:42.0,-0.055,-0.192,0.012,0.2001,9,0x01,1
47:42.1,-0.052,-0.194,0.014,0.2013,9,0x01,1
47:42.2,-0.047,-0.196,0.028,0.2035,9,0x01,1
47:42.3,-0.04,-0.194,0.032,0.2006,9,0x01,1
47:42.4,-0.044,-0.195,0.036,0.2031,9,0x01,1
47:42.5,-0.051,-0.2,0.023,0.2077,9,0x01,1
47:42.6,-0.049,-0.199,0.027,0.2067,9,0x01,1
47:42.7,-0.044,-0.199,0.028,0.2057,9,0x01,1
47:42.8,-0.045,-0.195,0.031,0.2025,9,0x01,1
47:42.9,-0.048,-0.196,0.023,0.2031,9,0x01,1
47:43.0,-0.045,-0.197,0.027,0.2039,9,0x01,1
47:43.1,-0.055,-0.194,0.022,0.2028,9,0x01,1
47:43.2,-0.052,-0.193,0.033,0.2026,9,0x01,1
47:43.3,-0.055,-0.193,0.02,0.2017,9,0x01,1
47:43.4,-0.053,-0.195,0.024,0.2035,9,0x01,1
47:43.5,-0.05,-0.195,0.015,0.2019,9,0x01,1
47:43.6,-0.052,-0.198,0.03,0.2069,9,0x01,1
47:43.7,-0.045,-0.202,0.028,0.2088,9,0x01,1
47:43.8,-0.048,-0.198,0.029,0.2058,9,0x01,1
47:43.9,-0.052,-0.196,0.023,0.2041,9,0x01,1
47:44.0,-0.053,-0.199,0.017,0.2066,9,0x01,1
47:44.1,-0.048,-0.194,0.017,0.2006,9,0x01,1
47:44.2,-0.051,-0.194,0.011,0.2009,9,0x01,1
47:44.3,-0.057,-0.194,0.016,0.2028,9,0x01,1
47:44.4,-0.05,-0.195,0.022,0.2025,9,0x01,1
47:44.5,-0.064,-0.194,-0.001,0.2043,9,0x01,1
47:44.6,-0.056,-0.199,0.007,0.2068,9,0x01,1
47:44.7,-0.057,-0.196,0.016,0.2047,9,0x01,1
47:44.8,-0.06,-0.192,0.012,0.2015,9,0x01,1
47:44.9,-0.051,-0.195,0.026,0.2032,9,0x01,1
47:45.0,-0.05,-0.196,0.03,0.2045,9,0x01,1
47:45.1,-0.053,-0.194,0.019,0.202,9,0x01,1
47:45.2,-0.051,-0.195,0.024,0.203,9,0x01,1
47:45.3,-0.051,-0.197,0.019,0.2044,9,0x01,1
47:45.4,-0.053,-0.193,0.017,0.2009,9,0x01,1
47:45.5,-0.048,-0.195,0.022,0.202,9,0x01,1
47:45.6,-0.054,-0.196,0.013,0.2037,9,0x01,1
47:45.7,-0.05,-0.198,0.018,0.205,9,0x01,1
47:45.8,-0.048,-0.197,0.033,0.2054,9,0x01,1
47:45.9,-0.05,-0.195,0.028,0.2032,9,0x01,1
47:46.0,-0.051,-0.199,0.025,0.2069,9,0x01,1
47:46.1,-0.057,-0.193,0.014,0.2017,9,0x01,1
47:46.2,-0.051,-0.196,0.009,0.2027,9,0x01,1
47:46.3,-0.05,-0.196,0.042,0.2066,9,0x01,1
47:46.4,-0.049,-0.196,0.037,0.2054,9,0x01,1
47:46.5,-0.054,-0.197,0.032,0.2068,9,0x01,1
47:46.6,-0.062,-0.188,0.02,0.199,9,0x01,1
47:46.7,-0.073,-0.188,0.016,0.2023,9,0x01,1
47:46.8,-0.07,-0.188,0.025,0.2022,9,0x01,1
47:46.9,-0.076,-0.193,0.021,0.2085,9,0x01,1
47:47.0,-0.075,-0.188,0.024,0.2038,9,0x01,1
47:47.1,-0.075,-0.191,0.018,0.206,9,0x01,1
47:47.2,-0.084,-0.181,0.01,0.1998,9,0x01,1
47:47.3,-0.08,-0.186,0.017,0.2032,9,0x01,1
47:47.4,-0.094,-0.183,0.011,0.206,9,0x01,1
47:47.5,-0.091,-0.184,0.005,0.2053,9,0x01,1
47:47.6,-0.095,-0.181,0.012,0.2048,9,0x01,1
47:47.7,-0.098,-0.181,0.028,0.2077,9,0x01,1
47:47.8,-0.102,-0.18,0.024,0.2083,9,0x01,1
47:47.9,-0.102,-0.178,0.023,0.2064,9,0x01,1
47:48.0,-0.113,-0.174,0.016,0.2081,9,0x01,1
47:48.1,-0.126,-0.171,0.028,0.2142,9,0x01,1
47:48.2,-0.124,-0.171,0.027,0.2129,9,0x01,1
47:48.3,-0.13,-0.167,0.028,0.2135,9,0x01,1
47:48.4,-0.137,-0.166,0.017,0.2159,9,0x01,1
47:48.5,-0.145,-0.158,0.018,0.2152,9,0x01,1
47:48.6,-0.14,-0.16,0.034,0.2153,9,0x01,1
47:48.7,-0.15,-0.166,0.029,0.2256,9,0x01,1
47:48.8,-0.151,-0.163,0.029,0.2241,9,0x01,1
47:48.9,-0.15,-0.162,0.026,0.2223,9,0x01,1
47:49.0,-0.156,-0.159,0.03,0.2248,9,0x01,1
47:49.1,-0.156,-0.158,0.037,0.2251,9,0x01,1
47:49.2,-0.163,-0.162,0.039,0.2331,9,0x01,1
47:49.3,-0.181,-0.156,0.029,0.2407,9,0x01,1
47:49.4,-0.173,-0.16,0.04,0.239,9,0x01,1
47:49.5,-0.176,-0.158,0.051,0.242,9,0x01,1
47:49.6,-0.177,-0.158,0.043,0.2411,9,0x01,1
47:49.7,-0.18,-0.156,0.045,0.2424,9,0x01,1
47:49.8,-0.187,-0.159,0.034,0.2478,9,0x01,1
47:49.9,-0.194,-0.156,0.032,0.251,9,0x01,1
7/30/2015 17:47,-0.199,-0.154,0.029,0.2533,9,0x01,1
47:50.1,-0.194,-0.159,0.024,0.252,9,0x01,1
47:50.2,-0.199,-0.153,0.027,0.2525,8,0x01,1
47:50.3,-0.201,-0.152,0.049,0.2567,8,0x01,1
47:50.4,-0.209,-0.148,0.041,0.2594,8,0x01,1
47:50.5,-0.217,-0.144,0.046,0.2645,8,0x01,1
47:50.6,-0.224,-0.143,0.032,0.2677,9,0x01,1
47:50.7,-0.224,-0.145,0.05,0.2715,9,0x01,1
47:50.8,-0.227,-0.142,0.043,0.2712,9,0x01,1
47:50.9,-0.224,-0.143,0.041,0.2689,9,0x01,1
7/30/2015 17:47,-0.232,-0.136,0.053,0.2741,9,0x01,1
47:51.1,-0.239,-0.132,0.042,0.2762,9,0x01,1
47:51.2,-0.231,-0.136,0.064,0.2756,9,0x01,1
47:51.3,-0.233,-0.137,0.056,0.276,9,0x01,1
47:51.4,-0.244,-0.135,0.045,0.2825,9,0x01,1
47:51.5,-0.253,-0.133,0.032,0.2876,9,0x01,1
47:51.6,-0.252,-0.133,0.045,0.2885,9,0x01,1
47:51.7,-0.251,-0.134,0.047,0.2884,9,0x01,1
47:51.8,-0.256,-0.131,0.034,0.2896,9,0x01,1
47:51.9,-0.269,-0.124,0.044,0.2995,9,0x01,1
47:52.0,-0.285,-0.117,0.025,0.3091,9,0x01,1
47:52.1,-0.281,-0.119,0.025,0.3062,9,0x01,1
47:52.2,-0.284,-0.119,0.037,0.3101,9,0x01,1
47:52.3,-0.304,-0.111,0.031,0.3251,9,0x01,1
47:52.4,-0.297,-0.111,0.037,0.3192,9,0x01,1
47:52.5,-0.298,-0.111,0.04,0.3205,9,0x01,1
47:52.6,-0.306,-0.114,0.031,0.328,9,0x01,1
47:52.7,-0.309,-0.111,0.022,0.3291,9,0x01,1
47:52.8,-0.311,-0.11,0.03,0.3312,9,0x01,1
47:52.9,-0.309,-0.109,0.034,0.3294,9,0x01,1
7/30/2015 17:47,-0.326,-0.099,0.032,0.3422,9,0x01,1
47:53.1,-0.331,-0.1,0.028,0.3469,9,0x01,1
47:53.2,-0.331,-0.095,0.048,0.3477,8,0x01,1
47:53.3,-0.337,-0.093,0.041,0.352,8,0x01,1
47:53.4,-0.342,-0.092,0.049,0.3575,8,0x01,1
47:53.5,-0.342,-0.092,0.046,0.3571,8,0x01,1
47:53.6,-0.352,-0.093,0.048,0.3672,8,0x01,1
47:53.7,-0.355,-0.09,0.031,0.3675,8,0x01,1
47:53.8,-0.36,-0.091,0.028,0.3724,8,0x01,1
47:53.9,-0.371,-0.084,0.023,0.3811,8,0x01,1
7/30/2015 17:47,-0.373,-0.085,0.026,0.3834,8,0x01,1
47:54.1,-0.375,-0.085,0.018,0.3849,8,0x01,1
47:54.2,-0.374,-0.086,0.037,0.3855,8,0x01,1
47:54.3,-0.383,-0.081,0.025,0.3923,8,0x01,1
47:54.4,-0.387,-0.083,0.03,0.3969,8,0x01,1
47:54.5,-0.384,-0.083,0.034,0.3943,8,0x01,1
47:54.6,-0.395,-0.078,0.035,0.4041,8,0x01,1
47:54.7,-0.399,-0.078,0.03,0.4077,8,0x01,1
47:54.8,-0.407,-0.076,0.025,0.4148,8,0x01,1
47:54.9,-0.416,-0.072,0.019,0.4226,8,0x01,1
7/30/2015 17:47,-0.418,-0.072,0.014,0.4244,8,0x01,1
47:55.1,-0.419,-0.071,0.018,0.4254,8,0x01,1
47:55.2,-0.416,-0.073,0.042,0.4244,8,0x01,1
47:55.3,-0.43,-0.066,0.038,0.4367,8,0x01,1
47:55.4,-0.432,-0.065,0.035,0.4383,8,0x01,1
47:55.5,-0.439,-0.067,0.019,0.4445,8,0x01,1
47:55.6,-0.445,-0.064,0.027,0.4504,8,0x01,1
47:55.7,-0.454,-0.063,0.028,0.4592,8,0x01,1
47:55.8,-0.452,-0.061,0.026,0.4568,8,0x01,1
47:55.9,-0.463,-0.056,0.019,0.4668,8,0x01,1
7/30/2015 17:47,-0.472,-0.053,0.012,0.4751,8,0x01,1
47:56.1,-0.475,-0.052,0.026,0.4785,8,0x01,1
47:56.2,-0.473,-0.051,0.011,0.4759,8,0x01,1
47:56.3,-0.483,-0.052,0.014,0.486,8,0x01,1
47:56.4,-0.486,-0.053,0.016,0.4891,8,0x01,1
47:56.5,-0.499,-0.047,0.009,0.5013,8,0x01,1
47:56.6,-0.495,-0.048,0.004,0.4973,8,0x01,1
47:56.7,-0.505,-0.038,0.012,0.5066,8,0x01,1
47:56.8,-0.504,-0.041,0.022,0.5061,8,0x01,1
47:56.9,-0.512,-0.04,0.02,0.5139,8,0x01,1
7/30/2015 17:47,-0.513,-0.041,0.016,0.5149,8,0x01,1
47:57.1,-0.513,-0.04,0.021,0.515,8,0x01,1
47:57.2,-0.532,-0.033,0.008,0.5331,8,0x01,1
47:57.3,-0.532,-0.034,0.019,0.5334,8,0x01,1
47:57.4,-0.54,-0.029,0.017,0.541,8,0x01,1
47:57.5,-0.54,-0.032,0.02,0.5413,8,0x01,1
47:57.6,-0.55,-0.025,0.009,0.5506,8,0x01,1
47:57.7,-0.554,-0.025,-0.008,0.5546,8,0x01,1
47:57.8,-0.556,-0.026,0.03,0.5574,8,0x01,1
47:57.9,-0.565,-0.021,0.029,0.5661,8,0x01,1
7/30/2015 17:47,-0.566,-0.021,0.025,0.5669,8,0x01,1
47:58.1,-0.577,-0.011,0.029,0.5778,8,0x01,1
47:58.2,-0.58,-0.012,0.03,0.5809,8,0x01,1
47:58.3,-0.592,-0.009,0.022,0.5925,8,0x01,1
47:58.4,-0.587,-0.012,0.022,0.5875,8,0x01,1
47:58.5,-0.598,-0.01,0.018,0.5984,8,0x01,1
47:58.6,-0.603,-0.006,0.016,0.6032,8,0x01,1
47:58.7,-0.611,-0.006,0.012,0.6111,8,0x01,1
47:58.8,-0.611,-0.007,0.014,0.6112,8,0x01,1
47:58.9,-0.612,0.001,0.029,0.6127,8,0x01,1
7/30/2015 17:47,-0.614,0.002,0.027,0.6146,8,0x01,1
47:59.1,-0.615,0.005,0.027,0.6156,8,0x01,1
47:59.2,-0.625,0.004,0.019,0.6253,7,0x01,1
47:59.3,-0.639,0.003,0.011,0.6391,7,0x01,1
47:59.4,-0.636,0.003,0.006,0.636,7,0x01,1
47:59.5,-0.636,0.007,0.015,0.6362,7,0x01,1
47:59.6,-0.654,0.013,0.008,0.6542,7,0x01,1
47:59.7,-0.647,0.012,0.032,0.6479,7,0x01,1
47:59.8,-0.651,0.011,0.015,0.6513,7,0x01,1
47:59.9,-0.654,0.014,0.02,0.6545,7,0x01,1
7/30/2015 17:48,-0.665,0.022,0.033,0.6662,7,0x01,1
48:00.1,-0.676,0.017,0.021,0.6765,7,0x01,1
48:00.2,-0.672,0.019,0.021,0.6726,7,0x01,1
48:00.3,-0.687,0.026,0.029,0.6881,7,0x01,1
48:00.4,-0.688,0.023,0.019,0.6886,7,0x01,1
48:00.5,-0.696,0.031,0.013,0.6968,7,0x01,1
48:00.6,-0.7,0.032,0.013,0.7009,7,0x01,1
48:00.7,-0.707,0.035,0.018,0.7081,7,0x01,1
48:00.8,-0.701,0.033,0.027,0.7023,7,0x01,1
48:00.9,-0.707,0.034,0.011,0.7079,7,0x01,1
48:01.0,-0.708,0.039,0.045,0.7105,7,0x01,1
48:01.1,-0.715,0.035,0.009,0.7159,7,0x01,1
48:01.2,-0.72,0.035,0.011,0.7209,7,0x01,1
48:01.3,-0.724,0.038,0.008,0.725,7,0x01,1
48:01.4,-0.732,0.038,-0.001,0.733,7,0x01,1
48:01.5,-0.739,0.046,0.037,0.7414,7,0x01,1
48:01.6,-0.743,0.044,0.019,0.7445,7,0x01,1
48:01.7,-0.74,0.044,0.032,0.742,7,0x01,1
48:01.8,-0.735,0.042,0.023,0.7366,7,0x01,1
48:01.9,-0.767,0.048,0.027,0.769,7,0x01,1
48:02.0,-0.768,0.048,0.022,0.7698,7,0x01,1
48:02.1,-0.769,0.049,0.023,0.7709,7,0x01,1
48:02.2,-0.767,0.051,0.019,0.7689,7,0x01,1
48:02.3,-0.768,0.052,0.016,0.7699,7,0x01,1
48:02.4,-0.792,0.06,-0.008,0.7943,7,0x01,1
48:02.5,-0.799,0.066,0.025,0.8021,7,0x01,1
48:02.6,-0.798,0.069,0.035,0.8017,7,0x01,1
48:02.7,-0.813,0.067,0.007,0.8158,7,0x01,1
48:02.8,-0.812,0.064,0.003,0.8145,7,0x01,1
48:02.9,-0.824,0.068,0.002,0.8268,7,0x01,1
48:03.0,-0.827,0.073,0.01,0.8303,7,0x01,1
48:03.1,-0.832,0.07,-0.017,0.8351,7,0x01,3
48:03.2,-0.83,0.078,0.035,0.8344,7,0x01,3
48:03.3,-0.837,0.08,0.027,0.8412,7,0x01,3
48:03.4,-0.839,0.082,0.03,0.8435,7,0x01,3
48:03.5,-0.842,0.082,0.018,0.8462,7,0x01,3
48:03.6,-0.853,0.087,0.028,0.8579,7,0x01,3
48:03.7,-0.858,0.088,0.039,0.8634,7,0x01,3
48:03.8,-0.856,0.095,0.057,0.8631,7,0x01,3
48:03.9,-0.871,0.087,0.016,0.8755,7,0x01,3
48:04.0,-0.874,0.09,0.028,0.8791,7,0x01,3
48:04.1,-0.875,0.091,0.025,0.8801,7,0x01,3
48:04.2,-0.872,0.095,0.039,0.878,7,0x01,3
48:04.3,-0.893,0.1,0.017,0.8987,7,0x01,3
48:04.4,-0.889,0.104,0.037,0.8958,8,0x01,3
48:04.5,-0.904,0.102,0.008,0.9098,7,0x01,3
48:04.6,-0.9,0.102,0.012,0.9058,7,0x01,3
48:04.7,-0.898,0.103,0.038,0.9047,7,0x01,3
48:04.8,-0.905,0.103,0.025,0.9112,7,0x01,3
48:04.9,-0.902,0.109,0.05,0.9099,7,0x01,3
7/30/2015 17:48,-0.921,0.106,0.001,0.9271,7,0x01,3
48:05.1,-0.92,0.106,0.015,0.9262,7,0x01,1
48:05.2,-0.929,0.111,0.023,0.9359,7,0x01,1
48:05.3,-0.932,0.112,0.015,0.9388,7,0x01,1
48:05.4,-0.929,0.113,0.033,0.9364,7,0x01,1
48:05.5,-0.93,0.113,0.044,0.9379,7,0x01,1
48:05.6,-0.927,0.116,0.044,0.9353,7,0x01,1
48:05.7,-0.932,0.112,0.032,0.9393,7,0x01,1
48:05.8,-0.942,0.117,0.016,0.9494,7,0x01,1
48:05.9,-0.938,0.111,0.021,0.9448,7,0x01,1
7/30/2015 17:48,-0.931,0.109,0.022,0.9376,7,0x01,1
48:06.1,-0.939,0.117,0.025,0.9466,7,0x01,1
48:06.2,-0.933,0.115,0.032,0.9406,7,0x01,1
48:06.3,-0.925,0.115,0.045,0.9332,7,0x01,1
48:06.4,-0.928,0.116,0.036,0.9359,7,0x01,1
48:06.5,-0.92,0.117,0.062,0.9295,7,0x01,1
48:06.6,-0.922,0.118,0.056,0.9312,7,0x01,1
48:06.7,-0.935,0.118,0.049,0.9437,7,0x01,1
48:06.8,-0.931,0.114,0.051,0.9393,7,0x01,1
48:06.9,-0.936,0.118,0.038,0.9442,7,0x01,1
7/30/2015 17:48,-0.939,0.114,0.025,0.9462,7,0x01,1
48:07.1,-0.933,0.113,0.039,0.9406,7,0x01,1
48:07.2,-0.937,0.119,0.036,0.9452,7,0x01,1
48:07.3,-0.938,0.119,0.031,0.946,7,0x01,1
48:07.4,-0.933,0.115,0.036,0.9407,7,0x01,1
48:07.5,-0.937,0.118,0.028,0.9448,7,0x01,1
48:07.6,-0.932,0.123,0.026,0.9404,7,0x01,1
48:07.7,-0.937,0.119,0.014,0.9446,7,0x01,1
48:07.8,-0.937,0.117,0.023,0.9446,7,0x01,1
48:07.9,-0.937,0.119,0.013,0.9446,7,0x01,1
7/30/2015 17:48,-0.935,0.115,0.017,0.9422,7,0x01,1
48:08.1,-0.933,0.113,0.029,0.9403,7,0x01,1
48:08.2,-0.929,0.116,0.044,0.9372,7,0x01,1
48:08.3,-0.935,0.119,0.03,0.943,7,0x01,1
48:08.4,-0.931,0.115,0.039,0.9389,7,0x01,1
48:08.5,-0.935,0.118,0.031,0.9429,7,0x01,1
48:08.6,-0.944,0.124,0.016,0.9522,7,0x01,1
48:08.7,-0.925,0.113,0.044,0.9329,7,0x01,1
48:08.8,-0.924,0.113,0.045,0.932,7,0x01,1
48:08.9,-0.931,0.117,0.041,0.9392,7,0x01,1
7/30/2015 17:48,-0.937,0.12,0.035,0.9453,7,0x01,1
48:09.1,-0.937,0.115,0.033,0.9446,7,0x01,1
48:09.2,-0.931,0.112,0.033,0.9383,7,0x01,1
48:09.3,-0.925,0.116,0.056,0.9339,7,0x01,1
48:09.4,-0.943,0.117,0.018,0.9504,7,0x01,1
48:09.5,-0.932,0.119,0.034,0.9402,7,0x01,1
48:09.6,-0.934,0.118,0.019,0.9416,7,0x01,1
48:09.7,-0.937,0.12,0.015,0.9448,7,0x01,1
48:09.8,-0.934,0.117,0.029,0.9417,7,0x01,1
48:09.9,-0.935,0.12,0.019,0.9429,7,0x01,1
7/30/2015 17:48,-0.94,0.121,0.03,0.9482,7,0x01,1
48:10.1,-0.929,0.116,0.036,0.9369,7,0x01,1
48:10.2,-0.934,0.116,0.034,0.9418,7,0x01,1
48:10.3,-0.929,0.115,0.028,0.9365,7,0x01,1
48:10.4,-0.928,0.115,0.026,0.9355,7,0x01,1
48:10.5,-0.925,0.114,0.028,0.9324,7,0x01,1
48:10.6,-0.928,0.12,0.051,0.9371,7,0x01,1
48:10.7,-0.931,0.121,0.041,0.9397,7,0x01,1
48:10.8,-0.927,0.112,0.043,0.9347,7,0x01,1
48:10.9,-0.934,0.112,0.007,0.9407,7,0x01,1
7/30/2015 17:48,-0.93,0.116,0.025,0.9375,7,0x01,1
48:11.1,-0.931,0.115,0.028,0.9385,7,0x01,1
48:11.2,-0.939,0.122,0.006,0.9469,7,0x01,1
48:11.3,-0.935,0.12,0.011,0.9427,7,0x01,1
48:11.4,-0.94,0.124,0.03,0.9486,7,0x01,1
48:11.5,-0.938,0.124,0.034,0.9468,7,0x01,1
48:11.6,-0.936,0.116,0.019,0.9434,7,0x01,1
48:11.7,-0.938,0.122,0.028,0.9463,7,0x01,1
48:11.8,-0.937,0.122,0.029,0.9454,7,0x01,1
48:11.9,-0.94,0.125,0.033,0.9488,7,0x01,1
7/30/2015 17:48,-0.941,0.118,0.019,0.9486,7,0x01,1
48:12.1,-0.932,0.117,0.042,0.9403,7,0x01,1
48:12.2,-0.935,0.118,0.038,0.9432,7,0x01,1
48:12.3,-0.93,0.113,0.025,0.9372,7,0x01,1
48:12.4,-0.931,0.113,0.021,0.9381,7,0x01,1
48:12.5,-0.932,0.112,0.01,0.9388,7,0x01,1
48:12.6,-0.938,0.109,-0.001,0.9443,7,0x01,1
48:12.7,-0.934,0.114,0.018,0.9411,7,0x01,1
48:12.8,-0.935,0.117,0.023,0.9426,7,0x01,1
48:12.9,-0.935,0.112,0.016,0.9418,7,0x01,1
7/30/2015 17:48,-0.936,0.114,0.009,0.943,7,0x01,1
48:13.1,-0.927,0.112,0.027,0.9341,7,0x01,1
48:13.2,-0.938,0.115,0.002,0.945,7,0x01,1
48:13.3,-0.934,0.117,0.019,0.9415,7,0x01,1
48:13.4,-0.928,0.117,0.029,0.9358,7,0x01,1
48:13.5,-0.94,0.116,0.006,0.9471,7,0x01,1
48:13.6,-0.933,0.117,0.036,0.941,7,0x01,1
48:13.7,-0.935,0.118,0.031,0.9429,7,0x01,1
48:13.8,-0.936,0.115,0.021,0.9433,7,0x01,1
48:13.9,-0.935,0.117,0.028,0.9427,7,0x01,1
7/30/2015 17:48,-0.935,0.114,0.033,0.9425,7,0x01,1
48:14.1,-0.933,0.111,0.032,0.9401,7,0x01,1
48:14.2,-0.938,0.117,0.027,0.9457,7,0x01,1
48:14.3,-0.935,0.115,0.015,0.9422,7,0x01,1
48:14.4,-0.94,0.117,0.011,0.9473,7,0x01,1
48:14.5,-0.92,0.114,0.042,0.928,7,0x01,1
48:14.6,-0.93,0.119,0.023,0.9379,7,0x01,1
48:14.7,-0.925,0.116,0.025,0.9326,7,0x01,1
48:14.8,-0.932,0.116,0.017,0.9393,7,0x01,1
48:14.9,-0.942,0.117,0.005,0.9493,7,0x01,1
7/30/2015 17:48,-0.947,0.119,0.002,0.9544,7,0x01,1
48:15.1,-0.942,0.117,0.004,0.9492,7,0x01,1
48:15.2,-0.932,0.116,0.016,0.9393,7,0x01,1
48:15.3,-0.934,0.12,0.025,0.942,7,0x01,1
48:15.4,-0.94,0.117,0.008,0.9473,7,0x01,1
48:15.5,-0.94,0.12,0.015,0.9477,7,0x01,1
48:15.6,-0.938,0.113,-0.016,0.9449,7,0x01,1
48:15.7,-0.939,0.121,0.028,0.9472,7,0x01,1
48:15.8,-0.938,0.117,0.017,0.9454,7,0x01,1
48:15.9,-0.938,0.118,0.024,0.9457,7,0x01,1
7/30/2015 17:48,-0.928,0.11,0.033,0.9351,7,0x01,1
48:16.1,-0.929,0.113,0.029,0.9363,7,0x01,1
48:16.2,-0.928,0.108,0.009,0.9343,7,0x01,1
48:16.3,-0.932,0.11,0.007,0.9385,7,0x01,1
48:16.4,-0.929,0.11,0.029,0.9359,7,0x01,1
48:16.5,-0.934,0.115,0.012,0.9411,7,0x01,1
48:16.6,-0.937,0.117,0.021,0.9445,7,0x01,1
48:16.7,-0.936,0.114,0.009,0.943,7,0x01,1
48:16.8,-0.936,0.114,0.008,0.943,7,0x01,1
48:16.9,-0.934,0.112,0.008,0.9407,7,0x01,1
7/30/2015 17:48,-0.932,0.116,0.018,0.9394,7,0x01,1
48:17.1,-0.937,0.119,0.021,0.9448,7,0x01,1
48:17.2,-0.927,0.118,0.028,0.9349,7,0x01,1
48:17.3,-0.932,0.121,0.025,0.9402,7,0x01,1
48:17.4,-0.929,0.118,0.037,0.9372,7,0x01,1
48:17.5,-0.929,0.12,0.044,0.9378,7,0x01,1
48:17.6,-0.929,0.122,0.029,0.9374,7,0x01,1
48:17.7,-0.934,0.123,0.026,0.9424,7,0x01,1
48:17.8,-0.924,0.117,0.038,0.9322,7,0x01,1
48:17.9,-0.941,0.113,0.007,0.9478,7,0x01,1
7/30/2015 17:48,-0.939,0.114,0.009,0.9459,7,0x01,1
48:18.1,-0.935,0.116,0.015,0.9423,7,0x01,1
48:18.2,-0.931,0.115,0.012,0.9382,7,0x01,1
48:18.3,-0.935,0.119,0.017,0.9427,7,0x01,1
48:18.4,-0.936,0.119,0.021,0.9438,7,0x01,1
48:18.5,-0.929,0.112,0.021,0.936,7,0x01,1
48:18.6,-0.935,0.114,0.019,0.9421,7,0x01,1
48:18.7,-0.937,0.117,0.014,0.9444,7,0x01,1
48:18.8,-0.937,0.119,0.013,0.9446,7,0x01,1
48:18.9,-0.934,0.116,0.024,0.9415,7,0x01,1
7/30/2015 17:48,-0.937,0.114,0.008,0.9439,7,0x01,1
48:19.1,-0.933,0.117,0.015,0.9404,7,0x01,1
48:19.2,-0.929,0.112,0.025,0.9361,7,0x01,1
48:19.3,-0.939,0.117,0.015,0.9464,7,0x01,1
48:19.4,-0.941,0.118,0.01,0.9484,7,0x01,1
48:19.5,-0.936,0.114,0.015,0.943,7,0x01,1
48:19.6,-0.933,0.114,0.036,0.9406,7,0x01,1
48:19.7,-0.935,0.116,0.022,0.9424,7,0x01,1
48:19.8,-0.938,0.117,0.014,0.9454,7,0x01,1
48:19.9,-0.937,0.118,0.022,0.9447,7,0x01,1
7/30/2015 17:48,-0.929,0.114,0.024,0.9363,7,0x01,1
48:20.1,-0.933,0.117,0.008,0.9403,7,0x01,1
48:20.2,-0.938,0.115,0.004,0.945,7,0x01,1
48:20.3,-0.937,0.118,0.005,0.9444,7,0x01,1
48:20.4,-0.936,0.118,0.012,0.9435,7,0x01,1
48:20.5,-0.936,0.117,0,0.9433,7,0x01,1
48:20.6,-0.939,0.113,0.004,0.9458,7,0x01,1
48:20.7,-0.932,0.114,0.026,0.9393,7,0x01,1
48:20.8,-0.937,0.119,0.031,0.945,7,0x01,1
48:20.9,-0.93,0.113,0.031,0.9374,7,0x01,1
48:21.0,-0.937,0.118,0.013,0.9445,7,0x01,1
48:21.1,-0.936,0.115,0.011,0.9431,7,0x01,1
48:21.2,-0.933,0.111,0.018,0.9398,7,0x01,1
48:21.3,-0.928,0.111,0.032,0.9352,7,0x01,1
48:21.4,-0.94,0.119,0.024,0.9478,7,0x01,1
48:21.5,-0.933,0.117,0.027,0.9407,7,0x01,1
48:21.6,-0.94,0.119,0.018,0.9477,7,0x01,1
48:21.7,-0.939,0.116,0.016,0.9463,7,0x01,1
48:21.8,-0.935,0.11,0.028,0.9419,7,0x01,1
48:21.9,-0.926,0.113,0.035,0.9335,7,0x01,1
7/30/2015 17:48,-0.926,0.111,0.033,0.9332,7,0x01,1
48:22.1,-0.925,0.118,0.041,0.9334,7,0x01,1
48:22.2,-0.928,0.122,0.039,0.9368,7,0x01,1
48:22.3,-0.936,0.119,0.023,0.9438,7,0x01,1
48:22.4,-0.933,0.119,0.024,0.9409,7,0x01,1
48:22.5,-0.933,0.117,0.041,0.9412,7,0x01,1
48:22.6,-0.933,0.114,0.047,0.9411,7,0x01,1
48:22.7,-0.938,0.112,0.026,0.945,7,0x01,1
48:22.8,-0.934,0.115,0.027,0.9414,7,0x01,1
48:22.9,-0.934,0.114,0.032,0.9415,7,0x01,1
7/30/2015 17:48,-0.936,0.111,0.022,0.9428,7,0x01,1
48:23.1,-0.933,0.115,0.037,0.9408,7,0x01,1
48:23.2,-0.939,0.115,0.024,0.9463,7,0x01,1
48:23.3,-0.939,0.117,0.036,0.9469,7,0x01,1
48:23.4,-0.936,0.11,0.005,0.9425,7,0x01,1
48:23.5,-0.935,0.109,0.023,0.9416,7,0x01,1
48:23.6,-0.93,0.119,0.045,0.9387,7,0x01,1
48:23.7,-0.927,0.112,0.049,0.935,7,0x01,1
48:23.8,-0.929,0.116,0.048,0.9374,7,0x01,1
48:23.9,-0.927,0.112,0.031,0.9343,7,0x01,1
7/30/2015 17:48,-0.932,0.109,0.022,0.9386,7,0x01,1
48:24.1,-0.937,0.118,0.036,0.9451,7,0x01,1
48:24.2,-0.938,0.121,0.038,0.9465,7,0x01,1
48:24.3,-0.928,0.116,0.041,0.9361,7,0x01,1
48:24.4,-0.932,0.116,0.038,0.94,7,0x01,1
48:24.5,-0.932,0.111,0.016,0.9387,7,0x01,1
48:24.6,-0.927,0.112,0.025,0.9341,7,0x01,1
48:24.7,-0.93,0.114,0.03,0.9374,7,0x01,1
48:24.8,-0.929,0.112,0.029,0.9362,7,0x01,1
48:24.9,-0.928,0.118,0.036,0.9362,7,0x01,1
7/30/2015 17:48,-0.933,0.123,0.029,0.9415,7,0x01,1
48:25.1,-0.938,0.121,0.029,0.9462,7,0x01,1
48:25.2,-0.93,0.115,0.022,0.9373,7,0x01,1
48:25.3,-0.934,0.116,0.019,0.9414,7,0x01,1
48:25.4,-0.932,0.115,0.022,0.9393,7,0x01,1
48:25.5,-0.931,0.117,0.031,0.9388,7,0x01,1
48:25.6,-0.929,0.113,0.016,0.936,7,0x01,1
48:25.7,-0.926,0.115,0.025,0.9334,7,0x01,1
48:25.8,-0.933,0.12,0.017,0.9408,7,0x01,1
48:25.9,-0.93,0.119,0.04,0.9384,7,0x01,1
7/30/2015 17:48,-0.926,0.115,0.043,0.9341,7,0x01,1
48:26.1,-0.935,0.118,0.017,0.9426,7,0x01,1
48:26.2,-0.934,0.119,0.024,0.9419,7,0x01,1
48:26.3,-0.923,0.114,0.034,0.9306,7,0x01,1
48:26.4,-0.924,0.112,0.025,0.9311,7,0x01,1
48:26.5,-0.934,0.119,0.024,0.9419,7,0x01,1
48:26.6,-0.935,0.12,0.022,0.9429,7,0x01,1
48:26.7,-0.922,0.116,0.042,0.9302,7,0x01,1
48:26.8,-0.921,0.116,0.04,0.9291,7,0x01,1
48:26.9,-0.93,0.118,0.029,0.9379,7,0x01,1
7/30/2015 17:48,-0.934,0.118,0.019,0.9416,7,0x01,1
48:27.1,-0.928,0.116,0.028,0.9356,7,0x01,1
48:27.2,-0.933,0.115,0.017,0.9402,7,0x01,1
48:27.3,-0.922,0.118,0.047,0.9307,7,0x01,1
48:27.4,-0.926,0.115,0.037,0.9338,7,0x01,1
48:27.5,-0.925,0.118,0.04,0.9334,7,0x01,1
48:27.6,-0.925,0.114,0.042,0.9329,7,0x01,1
48:27.7,-0.935,0.118,0.026,0.9428,7,0x01,1
48:27.8,-0.933,0.117,0.023,0.9406,7,0x01,1
48:27.9,-0.927,0.113,0.03,0.9343,7,0x01,1
7/30/2015 17:48,-0.929,0.112,0.032,0.9363,7,0x01,1
48:28.1,-0.923,0.113,0.034,0.9305,7,0x01,3
48:28.2,-0.929,0.112,0.024,0.936,7,0x01,3
48:28.3,-0.932,0.113,0.009,0.9389,7,0x01,3
48:28.4,-0.932,0.11,0.006,0.9385,7,0x01,3
48:28.5,-0.936,0.112,0.014,0.9428,7,0x01,3
48:28.6,-0.942,0.113,0.003,0.9488,7,0x01,3
48:28.7,-0.929,0.114,0.027,0.9364,7,0x01,3
48:28.8,-0.932,0.116,0.013,0.9393,7,0x01,3
48:28.9,-0.932,0.105,0.009,0.9379,7,0x01,3
7/30/2015 17:48,-0.927,0.107,0.027,0.9335,7,0x01,3
48:29.1,-0.932,0.105,0.013,0.938,7,0x01,3
48:29.2,-0.932,0.11,0.013,0.9386,7,0x01,3
48:29.3,-0.929,0.112,0.021,0.936,7,0x01,3
48:29.4,-0.935,0.116,0.02,0.9424,7,0x01,3
48:29.5,-0.934,0.113,0.04,0.9417,7,0x01,3
48:29.6,-0.933,0.107,0.021,0.9394,8,0x01,3
48:29.7,-0.934,0.108,0.023,0.9405,8,0x01,3
48:29.8,-0.928,0.111,0.016,0.9348,8,0x01,3
48:29.9,-0.933,0.112,0.012,0.9398,8,0x01,3
7/30/2015 17:48,-0.933,0.112,0.003,0.9397,8,0x01,3
48:30.1,-0.932,0.112,0.019,0.9389,8,0x01,1
48:30.2,-0.936,0.113,0.009,0.9428,8,0x01,1
48:30.3,-0.934,0.111,0.022,0.9408,8,0x01,1
48:30.4,-0.935,0.112,0.01,0.9417,8,0x01,1
48:30.5,-0.933,0.111,0.01,0.9396,8,0x01,1
48:30.6,-0.937,0.112,0.009,0.9437,8,0x01,1
48:30.7,-0.939,0.114,0,0.9459,8,0x01,1
48:30.8,-0.923,0.113,0.021,0.9301,8,0x01,1
48:30.9,-0.931,0.111,0.016,0.9377,8,0x01,1
7/30/2015 17:48,-0.928,0.112,0.013,0.9348,8,0x01,1
48:31.1,-0.931,0.114,0.009,0.938,8,0x01,1
48:31.2,-0.925,0.109,0.015,0.9315,8,0x01,1
48:31.3,-0.936,0.115,0.012,0.9431,8,0x01,1
48:31.4,-0.928,0.111,0.01,0.9347,8,0x01,1
48:31.5,-0.938,0.118,0.006,0.9454,8,0x01,1
48:31.6,-0.935,0.112,0.013,0.9418,8,0x01,1
48:31.7,-0.927,0.109,0.017,0.9335,8,0x01,1
48:31.8,-0.927,0.11,0.016,0.9336,8,0x01,1
48:31.9,-0.923,0.109,0.025,0.9297,8,0x01,1
,,,,,,,
,,,,,,,
,,,,,,,
,,,,,,,
,,,,,,,
,,,,,,,
,,,,,,,
,,,,,,,
,,,,,,,
,,,,,,,
,,,,,,,
,,,,,,,
,,,,,,,
,,,,,,,
,,,,,,,
,,,,,,,
,,,,,,,
,,,,,,,
,,,,,,,
,,,,,,,
,,,,,,,
,,,,,,,
,,,,,,,
,,,,,,,
,,,,,,,
,,,,,,,
,,,,,,,
,,,,,,,
,,,,,,,
,,,,,,,
,,,,,,,
,,,,,,,
,,,,,,,
,,,,,,,
,,,,,,,
,,,,,,,
,,,,,,,
,,,,,,,
,,,,,,,
,,,,,,,
,,,,,,,
,,,,,,,
,,,,,,,
,,,,,,,
,,,,,,,
,,,,,,,
,,,,,,,
,,,,,,,
,,,,,,,
,,,,,,,
,,,,,,,
,,,,,,,
,,,,,,,
,,,,,,,
,,,,,,,
,,,,,,,
,,,,,,,
,,,,,,,
,,,,,,,
,,,,,,,
,,,,,,,
,,,,,,,
,,,,,,,
,,,,,,,
,,,,,,,
,,,,,,,
,,,,,,,
,,,,,,,
,,,,,,,
,,,,,,,
,,,,,,,
,,,,,,,
,,,,,,,
,,,,,,,
,,,,,,,
,,,,,,,
,,,,,,,
,,,,,,,
,,,,,,,
,,,,,,,
,,,,,,,
,,,,,,,
,,,,,,,
,,,,,,,
,,,,,,,
,,,,,,,
,,,,,,,
,,,,,,,
,,,,,,,
,,,,,,,
,,,,,,,
,,,,,,,
,,,,,,,
,,,,,,,
,,,,,,,
,,,,,,,
,,,,,,,
,,,,,,,
,,,,,,,
,,,,,,,
,,,,,,,
,,,,,,,
,,,,,,,
,,,,,,,
,,,,,,,
,,,,,,,
,,,,,,,
,,,,,,,
,,,,,,,
,,,,,,,
,,,,,,,
,,,,,,,
,,,,,,,
,,,,,,,
,,,,,,,
,,,,,,,
,,,,,,,
,,,,,,,
,,,,,,,
,,,,,,,
,,,,,,,
,,,,,,,
,,,,,,,
,,,,,,,
,,,,,,,
,,,,,,,
,,,,,,,
,,,,,,,
,,,,,,,
,,,,,,,
,,,,,,,
,,,,,,,
,,,,,,,
,,,,,,,
,,,,,,,
,,,,,,,
,,,,,,,
,,,,,,,
,,,,,,,
,,,,,,,
,,,,,,,
,,,,,,,
,,,,,,,
,,,,,,,
,,,,,,,
,,,,,,,
,,,,,,,
,,,,,,,
,,,,,,,
,,,,,,,
,,,,,,,
,,,,,,,
,,,,,,,
,,,,,,,
,,,,,,,
,,,,,,,
,,,,,,,
,,,,,,,
,,,,,,,
,,,,,,,
,,,,,,,
,,,,,,,
,,,,,,,
,,,,,,,
,,,,,,,
,,,,,,,
,,,,,,,
,,,,,,,
,,,,,,,
,,,,,,,
,,,,,,,
,,,,,,,
,,,,,,,
,,,,,,,
,,,,,,,
,,,,,,,
,,,,,,,
,,,,,,,
,,,,,,,
,,,,,,,
,,,,,,,
,,,,,,,
,,,,,,,
,,,,,,,
,,,,,,,
,,,,,,,
,,,,,,,
,,,,,,,
,,,,,,,
,,,,,,,
,,,,,,,
,,,,,,,
,,,,,,,
,,,,,,,
,,,,,,,
,,,,,,,
,,,,,,,
,,,,,,,
,,,,,,,
,,,,,,,
,,,,,,,
,,,,,,,
,,,,,,,
,,,,,,,
,,,,,,,
,,,,,,,
,,,,,,,
,,,,,,,
,,,,,,,
,,,,,,,
,,,,,,,
,,,,,,,
,,,,,,,
,,,,,,,
,,,,,,,
,,,,,,,
,,,,,,,
,,,,,,,
,,,,,,,
,,,,,,,
,,,,,,,
,,,,,,,
,,,,,,,
,,,,,,,
,,,,,,,
,,,,,,,
,,,,,,,
,,,,,,,
,,,,,,,
,,,,,,,
,,,,,,,
,,,,,,,
,,,,,,,
,,,,,,,
,,,,,,,
,,,,,,,
,,,,,,,
,,,,,,,
,,,,,,,
,,,,,,,
,,,,,,,
,,,,,,,
,,,,,,,
,,,,,,,
,,,,,,,
,,,,,,,
,,,,,,,
,,,,,,,
,,,,,,,
,,,,,,,
,,,,,,,
,,,,,,,
,,,,,,,
,,,,,,,
,,,,,,,
,,,,,,,
,,,,,,,
,,,,,,,
,,,,,,,
,,,,,,,
,,,,,,,
,,,,,,,
,,,,,,,
,,,,,,,
,,,,,,,
,,,,,,,
,,,,,,,
,,,,,,,
,,,,,,,
,,,,,,,
,,,,,,,
,,,,,,,
,,,,,,,
,,,,,,,
,,,,,,,
,,,,,,,
,,,,,,,
,,,,,,,
,,,,,,,
,,,,,,,
,,,,,,,
,,,,,,,
,,,,,,,
,,,,,,,
,,,,,,,
,,,,,,,
,,,,,,,
,,,,,,,
,,,,,,,
,,,,,,,
,,,,,,,
,,,,,,,
,,,,,,,
,,,,,,,
,,,,,,,
,,,,,,,
,,,,,,,
,,,,,,,
,,,,,,,
,,,,,,,
,,,,,,,
,,,,,,,
,,,,,,,
,,,,,,,
,,,,,,,
,,,,,,,
,,,,,,,
,,,,,,,
,,,,,,,
,,,,,,,
,,,,,,,
,,,,,,,
,,,,,,,
,,,,,,,
,,,,,,,
,,,,,,,
,,,,,,,
,,,,,,,
,,,,,,,
,,,,,,,
,,,,,,,
,,,,,,,
,,,,,,,
,,,,,,,
,,,,,,,
,,,,,,,
,,,,,,,
,,,,,,,
,,,,,,,
,,,,,,,
,,,,,,,
,,,,,,,
,,,,,,,
,,,,,,,
,,,,,,,
,,,,,,,
,,,,,,,
,,,,,,,
,,,,,,,
,,,,,,,
,,,,,,,
,,,,,,,
,,,,,,,
,,,,,,,
,,,,,,,
,,,,,,,
,,,,,,,
,,,,,,,
,,,,,,,
,,,,,,,
,,,,,,,
,,,,,,,
,,,,,,,
,,,,,,,
,,,,,,,
,,,,,,,
,,,,,,,
,,,,,,,
,,,,,,,
,,,,,,,
,,,,,,,
,,,,,,,
,,,,,,,
,,,,,,,
,,,,,,,
,,,,,,,
,,,,,,,
,,,,,,,
,,,,,,,
,,,,,,,
,,,,,,,
,,,,,,,
,,,,,,,
,,,,,,,
,,,,,,,
,,,,,,,
,,,,,,,
,,,,,,,
,,,,,,,
,,,,,,,
,,,,,,,
,,,,,,,
,,,,,,,
,,,,,,,
,,,,,,,
,,,,,,,
,,,,,,,
,,,,,,,
,,,,,,,
,,,,,,,
,,,,,,,
,,,,,,,
,,,,,,,
,,,,,,,
,,,,,,,
,,,,,,,
,,,,,,,
,,,,,,,
,,,,,,,
,,,,,,,
,,,,,,,
,,,,,,,
,,,,,,,
,,,,,,,
,,,,,,,
,,,,,,,
,,,,,,,
,,,,,,,
,,,,,,,
,,,,,,,
,,,,,,,
,,,,,,,
,,,,,,,
,,,,,,,
,,,,,,,
,,,,,,,
,,,,,,,
,,,,,,,
,,,,,,,
,,,,,,,
,,,,,,,
,,,,,,,
,,,,,,,
,,,,,,,
,,,,,,,
,,,,,,,
,,,,,,,
,,,,,,,
,,,,,,,
,,,,,,,
,,,,,,,
,,,,,,,
,,,,,,,
,,,,,,,
,,,,,,,
,,,,,,,
,,,,,,,
,,,,,,,
,,,,,,,
,,,,,,,
,,,,,,,
,,,,,,,
,,,,,,,
,,,,,,,
,,,,,,,
,,,,,,,
,,,,,,,
,,,,,,,
,,,,,,,
,,,,,,,
,,,,,,,
,,,,,,,
,,,,,,,
,,,,,,,
,,,,,,,
,,,,,,,
,,,,,,,
,,,,,,,
,,,,,,,
,,,,,,,
,,,,,,,
,,,,,,,
,,,,,,,
,,,,,,,
,,,,,,,
,,,,,,,
,,,,,,,
,,,,,,,
,,,,,,,
,,,,,,,
,,,,,,,
,,,,,,,
,,,,,,,
,,,,,,,
,,,,,,,
,,,,,,,
,,,,,,,
,,,,,,,
,,,,,,,
,,,,,,,
,,,,,,,
,,,,,,,
,,,,,,,
,,,,,,,
,,,,,,,
,,,,,,,
,,,,,,,
,,,,,,,
,,,,,,,
,,,,,,,
,,,,,,,
,,,,,,,
,,,,,,,
,,,,,,,
,,,,,,,
,,,,,,,
,,,,,,,
,,,,,,,
,,,,,,,
,,,,,,,
,,,,,,,
,,,,,,,
,,,,,,,
,,,,,,,
,,,,,,,
,,,,,,,
,,,,,,,
,,,,,,,
,,,,,,,
,,,,,,,
,,,,,,,
,,,,,,,
,,,,,,,
,,,,,,,
,,,,,,,
,,,,,,,
,,,,,,,
,,,,,,,
,,,,,,,
,,,,,,,
,,,,,,,
,,,,,,,
,,,,,,,
,,,,,,,
,,,,,,,
,,,,,,,
,,,,,,,
,,,,,,,
,,,,,,,
,,,,,,,
,,,,,,,
,,,,,,,
,,,,,,,
,,,,,,,
,,,,,,,
,,,,,,,
,,,,,,,
,,,,,,,
,,,,,,,
,,,,,,,
,,,,,,,
,,,,,,,
,,,,,,,
,,,,,,,
,,,,,,,
,,,,,,,
,,,,,,,
,,,,,,,
,,,,,,,
,,,,,,,
,,,,,,,
,,,,,,,
,,,,,,,
,,,,,,,
,,,,,,,
,,,,,,,
,,,,,,,
,,,,,,,
,,,,,,,
,,,,,,,
,,,,,,,
,,,,,,,
,,,,,,,
,,,,,,,
,,,,,,,
,,,,,,,
,,,,,,,
,,,,,,,
,,,,,,,
,,,,,,,
,,,,,,,
,,,,,,,
,,,,,,,
,,,,,,,
,,,,,,,
,,,,,,,
,,,,,,,
,,,,,,,
,,,,,,,
,,,,,,,
,,,,,,,
,,,,,,,
,,,,,,,
,,,,,,,
,,,,,,,
,,,,,,,
,,,,,,,
,,,,,,,
,,,,,,,
,,,,,,,
,,,,,,,
,,,,,,,
,,,,,,,
,,,,,,,
,,,,,,,
,,,,,,,
,,,,,,,
,,,,,,,
,,,,,,,
,,,,,,,
,,,,,,,
,,,,,,,
,,,,,,,
,,,,,,,
,,,,,,,
,,,,,,,
,,,,,,,
,,,,,,,
,,,,,,,
,,,,,,,
,,,,,,,
,,,,,,,
,,,,,,,
,,,,,,,
,,,,,,,
,,,,,,,
,,,,,,,
,,,,,,,
,,,,,,,
,,,,,,,
,,,,,,,
,,,,,,,
,,,,,,,
,,,,,,,
,,,,,,,
,,,,,,,
,,,,,,,
,,,,,,,
,,,,,,,
,,,,,,,
,,,,,,,
,,,,,,,
,,,,,,,
,,,,,,,
,,,,,,,
,,,,,,,
,,,,,,,
,,,,,,,
,,,,,,,
,,,,,,,
,,,,,,,
,,,,,,,
,,,,,,,
,,,,,,,
,,,,,,,
,,,,,,,
,,,,,,,
,,,,,,,
,,,,,,,
,,,,,,,
,,,,,,,
,,,,,,,
,,,,,,,
,,,,,,,
,,,,,,,
,,,,,,,
,,,,,,,
,,,,,,,
,,,,,,,
,,,,,,,
,,,,,,,
,,,,,,,
,,,,,,,
,,,,,,,
,,,,,,,
,,,,,,,
,,,,,,,
,,,,,,,
,,,,,,,
,,,,,,,
,,,,,,,
,,,,,,,
,,,,,,,
,,,,,,,
,,,,,,,
,,,,,,,
,,,,,,,
,,,,,,,
,,,,,,,
,,,,,,,
,,,,,,,
,,,,,,,
,,,,,,,
,,,,,,,
,,,,,,,
,,,,,,,
,,,,,,,
,,,,,,,
,,,,,,,
,,,,,,,
,,,,,,,
,,,,,,,
,,,,,,,
,,,,,,,
,,,,,,,
,,,,,,,
,,,,,,,
,,,,,,,
,,,,,,,
,,,,,,,
,,,,,,,
,,,,,,,
,,,,,,,
,,,,,,,
,,,,,,,
,,,,,,,
,,,,,,,
,,,,,,,
,,,,,,,
,,,,,,,
,,,,,,,
,,,,,,,
,,,,,,,
,,,,,,,
,,,,,,,
,,,,,,,
,,,,,,,
,,,,,,,
,,,,,,,
,,,,,,,
,,,,,,,
,,,,,,,
,,,,,,,
,,,,,,,
,,,,,,,
,,,,,,,
,,,,,,,
,,,,,,,
,,,,,,,
,,,,,,,
,,,,,,,
,,,,,,,
,,,,,,,
,,,,,,,
,,,,,,,
,,,,,,,
,,,,,,,
,,,,,,,
,,,,,,,
,,,,,,,
,,,,,,,
,,,,,,,
,,,,,,,
,,,,,,,
,,,,,,,
,,,,,,,
,,,,,,,
,,,,,,,
,,,,,,,
,,,,,,,
,,,,,,,
,,,,,,,
,,,,,,,
,,,,,,,
,,,,,,,
,,,,,,,
,,,,,,,
,,,,,,,
,,,,,,,
,,,,,,,
,,,,,,,
,,,,,,,
,,,,,,,
,,,,,,,
,,,,,,,
,,,,,,,
,,,,,,,
,,,,,,,
,,,,,,,
,,,,,,,
,,,,,,,
,,,,,,,
,,,,,,,
,,,,,,,
,,,,,,,
,,,,,,,
,,,,,,,
,,,,,,,
,,,,,,,
,,,,,,,
,,,,,,,
,,,,,,,
,,,,,,,
,,,,,,,
,,,,,,,
,,,,,,,
,,,,,,,
,,,,,,,
,,,,,,,
,,,,,,,
,,,,,,,
,,,,,,,
,,,,,,,
,,,,,,,
,,,,,,,
,,,,,,,
,,,,,,,
,,,,,,,
,,,,,,,
,,,,,,,
,,,,,,,
,,,,,,,
,,,,,,,
,,,,,,,
,,,,,,,
,,,,,,,
,,,,,,,
,,,,,,,
,,,,,,,
,,,,,,,
,,,,,,,
,,,,,,,
,,,,,,,
,,,,,,,
,,,,,,,
,,,,,,,
,,,,,,,
,,,,,,,
,,,,,,,
,,,,,,,
,,,,,,,
,,,,,,,
,,,,,,,
,,,,,,,
,,,,,,,
,,,,,,,
,,,,,,,
,,,,,,,
,,,,,,,
,,,,,,,
,,,,,,,
,,,,,,,
,,,,,,,
,,,,,,,
,,,,,,,
,,,,,,,
,,,,,,,
,,,,,,,
,,,,,,,
,,,,,,,
,,,,,,,
,,,,,,,
,,,,,,,
,,,,,,,
,,,,,,,
,,,,,,,
,,,,,,,
,,,,,,,
,,,,,,,
,,,,,,,
,,,,,,,
,,,,,,,
,,,,,,,
,,,,,,,
,,,,,,,
,,,,,,,
,,,,,,,
,,,,,,,
,,,,,,,
,,,,,,,
,,,,,,,
,,,,,,,
,,,,,,,
,,,,,,,
,,,,,,,
,,,,,,,
,,,,,,,
,,,,,,,
,,,,,,,
,,,,,,,
,,,,,,,
,,,,,,,
,,,,,,,
,,,,,,,
,,,,,,,
,,,,,,,
,,,,,,,
,,,,,,,
,,,,,,,
,,,,,,,
,,,,,,,
,,,,,,,
,,,,,,,
,,,,,,,
,,,,,,,
,,,,,,,
,,,,,,,
,,,,,,,
,,,,,,,
,,,,,,,
,,,,,,,
,,,,,,,
,,,,,,,
,,,,,,,
,,,,,,,
,,,,,,,
,,,,,,,
,,,,,,,
,,,,,,,
,,,,,,,
,,,,,,,
,,,,,,,
,,,,,,,
,,,,,,,
,,,,,,,
,,,,,,,
,,,,,,,
,,,,,,,
,,,,,,,
,,,,,,,
,,,,,,,
,,,,,,,
,,,,,,,
,,,,,,,
,,,,,,,
,,,,,,,
,,,,,,,
,,,,,,,
,,,,,,,
,,,,,,,
,,,,,,,
,,,,,,,
,,,,,,,
,,,,,,,
,,,,,,,
,,,,,,,
,,,,,,,
,,,,,,,
,,,,,,,
,,,,,,,
,,,,,,,
,,,,,,,
,,,,,,,
,,,,,,,
,,,,,,,
,,,,,,,
,,,,,,,
,,,,,,,
,,,,,,,
,,,,,,,
,,,,,,,
,,,,,,,
,,,,,,,
,,,,,,,
,,,,,,,
,,,,,,,
,,,,,,,
,,,,,,,
,,,,,,,
,,,,,,,
,,,,,,,
,,,,,,,
,,,,,,,
,,,,,,,
,,,,,,,
,,,,,,,
,,,,,,,
,,,,,,,
,,,,,,,
,,,,,,,
,,,,,,,
,,,,,,,
,,,,,,,
,,,,,,,
,,,,,,,
,,,,,,,
,,,,,,,
,,,,,,,
,,,,,,,
,,,,,,,
,,,,,,,
,,,,,,,
,,,,,,,
,,,,,,,
,,,,,,,
,,,,,,,
,,,,,,,
,,,,,,,
,,,,,,,
,,,,,,,
,,,,,,,
,,,,,,,
,,,,,,,
,,,,,,,
,,,,,,,
,,,,,,,
,,,,,,,
,,,,,,,
,,,,,,,
,,,,,,,
,,,,,,,
,,,,,,,
,,,,,,,
,,,,,,,
,,,,,,,
,,,,,,,
,,,,,,,
,,,,,,,
,,,,,,,
,,,,,,,
,,,,,,,
,,,,,,,
